categoryCode,category,listingId,brand,productName,productId,scopeRoute,application,protocol,sourceUrl,productPage,categoryPage,notes
1080,walls partitions,1080-0357:0100,Won Door,FIREGUARD MFW single-sliding partition wall assembly,,out-of-scope-interior-partition,,,https://calfire.govmotus.org/BMLSearch/Index,,https://fireapproved.com/data/osfm-1080-walls-partitions/,BML application CF26007772BML; issued 2026-04-16; expires 2027-06-30; live snapshot 2026-08-25.
1080,walls partitions,1080-2311:0502,"Kent Smoke and Fire Curtains Manufacturer, LLC",AFC07S/M-INSUL-119 motorized two-hour fabric fire partition,,out-of-scope-interior-partition,,,https://calfire.govmotus.org/BMLSearch/Index,,https://fireapproved.com/data/osfm-1080-walls-partitions/,BML application CF26003792BML; issued 2026-05-31; expires 2027-06-30; live snapshot 2026-08-25.
1080,walls partitions,1080-2312:0502,"Door Systems, Inc.",DSI-FW119 motorized two-hour fabric fire partition,,out-of-scope-interior-partition,,,https://calfire.govmotus.org/BMLSearch/Index,,https://fireapproved.com/data/osfm-1080-walls-partitions/,BML application CF26003331BML; issued 2026-07-01; expires 2027-06-30; live snapshot 2026-08-25.
1080,walls partitions,1080-2348:0001,"STARC Systems, Inc.",STARC Fireblock prefabricated insulated steel wall system,,out-of-scope-interior-partition,,,https://calfire.govmotus.org/BMLSearch/Index,,https://fireapproved.com/data/osfm-1080-walls-partitions/,BML application CF26007774BML; issued 2026-05-31; expires 2027-06-30; live snapshot 2026-08-25.
1080,walls partitions,1080-2422:0001,arclin-surfaces,Arclin Firepoint 2500 exterior wall sheathing assembly,arclin-firepoint-2500-exterior-wall-sheathing,,,ASTM E84 / UL 723,https://calfire.govmotus.org/BMLSearch/Index,https://fireapproved.com/materials/arclin-firepoint-2500-exterior-wall-sheathing/,https://fireapproved.com/data/osfm-1080-walls-partitions/,BML application CF26011912BML; issued 2026-07-31; expires 2027-06-30; live snapshot 2026-08-25.
1080,walls partitions,1080-2422:0002,arclin-surfaces,Firepoint 3500 OSB exterior wall sheathing in a one-hour assembly,,census-only-exact-manufacturer-spec-not-found,,,https://calfire.govmotus.org/BMLSearch/Index,,https://fireapproved.com/data/osfm-1080-walls-partitions/,BML application CF26006248BML; issued 2026-07-31; expires 2027-06-30; live snapshot 2026-08-25.
2440,insulation,2440-0941:0112,3M Company,Fire Barrier Duct Wrap 615+,,out-of-scope-duct-wrap,,,https://calfire.govmotus.org/BMLSearch/Index,,https://fireapproved.com/data/osfm-2440-insulation/,BML application CF26011456BML; issued 2026-05-20; expires 2027-06-30; live snapshot 2026-08-25.
2440,insulation,2440-1361:0106,THERMAL CERAMICS,FireMaster FastWrap XL encapsulated blanket insulation,,out-of-scope-service-protection-blanket,,,https://calfire.govmotus.org/BMLSearch/Index,,https://fireapproved.com/data/osfm-2440-insulation/,BML application CF26006001BML; issued 2026-05-31; expires 2027-06-30; live snapshot 2026-08-25.
2440,insulation,2440-1361:0500,THERMAL CERAMICS,FireMaster FastWrap XLS encapsulated insulation blanket,,out-of-scope-service-protection-blanket,,,https://calfire.govmotus.org/BMLSearch/Index,,https://fireapproved.com/data/osfm-2440-insulation/,BML application CF26006002BML; issued 2026-05-31; expires 2027-06-30; live snapshot 2026-08-25.
2440,insulation,2440-1478:0101,UNIFRAX,FyreWrap Elite 1.5 duct insulation,,out-of-scope-duct-wrap,,,https://calfire.govmotus.org/BMLSearch/Index,,https://fireapproved.com/data/osfm-2440-insulation/,BML application CF26004425BML; issued 2026-05-31; expires 2027-06-30; live snapshot 2026-08-25.
2440,insulation,2440-2270:0500,rockwool,ROCKWOOL Comfortboard 80 exterior continuous insulation,rockwool-comfortboard-80-exterior-continuous-insulation,,,ASTM E84 / UL 723; ASTM E136,https://calfire.govmotus.org/BMLSearch/Index,https://fireapproved.com/materials/rockwool-comfortboard-80-exterior-continuous-insulation/,https://fireapproved.com/data/osfm-2440-insulation/,BML application CF26009568BML; issued 2026-05-31; expires 2027-06-30; live snapshot 2026-08-25.
2440,insulation,2440-2270:0501,rockwool,Comfortboard 110 exterior-wall stone-wool sheathing board,,census-only-similar-feature-covered-by-comfortboard-80,,,https://calfire.govmotus.org/BMLSearch/Index,,https://fireapproved.com/data/osfm-2440-insulation/,BML application CF26009569BML; issued 2026-05-31; expires 2027-06-30; live snapshot 2026-08-25.
2440,insulation,2440-2270:0503,rockwool,ROCKWOOL Toprock DD low-slope roof insulation,rockwool-toprock-dd-low-slope-roof-insulation,,,ASTM E108 / UL 790; ASTM E84 / UL 723; ASTM E136,https://calfire.govmotus.org/BMLSearch/Index,https://fireapproved.com/materials/rockwool-toprock-dd-low-slope-roof-insulation/,https://fireapproved.com/data/osfm-2440-insulation/,BML application CF26009570BML; issued 2026-05-31; expires 2027-06-30; live snapshot 2026-08-25.
2440,insulation,2440-2439:0001,owens-corning-thermafiber,Thermafiber RainBarrier High Compressive 80 and 110 exterior insulation,owens-corning-thermafiber-rainbarrier-high-compressive-80-110,,,ASTM E84 / UL 723; ASTM E136,https://calfire.govmotus.org/BMLSearch/Index,https://fireapproved.com/materials/owens-corning-thermafiber-rainbarrier-high-compressive-80-110/,https://fireapproved.com/data/osfm-2440-insulation/,BML application CF26013428BML; issued 2026-08-17; expires 2027-06-30; live snapshot 2026-08-25.
2520,treated lumber,2520-1450:0502,chemco-inc,Chemco Thermex-FR exterior treated redwood and western red cedar,chemco-thermex-fr-exterior-treated-redwood-cedar,,,ASTM E84 / UL 723,https://calfire.govmotus.org/BMLSearch/Index,https://fireapproved.com/materials/chemco-thermex-fr-exterior-treated-redwood-cedar/,https://fireapproved.com/data/osfm-2520-treated-lumber/,BML application CF26004720BML; issued 2026-05-31; expires 2027-06-30; live snapshot 2026-08-25.
2520,treated lumber,2520-1701:0100,hoover-treated-wood-products,Hoover ExteriorFireX treated lumber and plywood,hoover-exteriorfirex-treated-lumber,,,ASTM E84 / UL 723,https://calfire.govmotus.org/BMLSearch/Index,https://fireapproved.com/materials/hoover-exteriorfirex-treated-lumber/,https://fireapproved.com/data/osfm-2520-treated-lumber/,BML application CF26004768BML; issued 2026-05-31; expires 2027-06-30; live snapshot 2026-08-25.
2520,treated lumber,2520-1701:0103,hoover-treated-wood-products,Pyro-Guard treated lumber,,out-of-scope-interior-dry-use-only,,,https://calfire.govmotus.org/BMLSearch/Index,,https://fireapproved.com/data/osfm-2520-treated-lumber/,BML application CF26004769BML; issued 2026-05-31; expires 2027-06-30; live snapshot 2026-08-25.
2520,treated lumber,2520-2080:0101,Viance LLC,D-Blaze fire-retardant-treated lumber,,out-of-scope-interior-or-weather-protected-use,,,https://calfire.govmotus.org/BMLSearch/Index,,https://fireapproved.com/data/osfm-2520-treated-lumber/,BML application CF26011754BML; issued 2026-05-26; expires 2027-06-30; live snapshot 2026-08-25.
2520,treated lumber,2520-2400:0001,wood-modification-technologies,FLAMEFixx treated radiata pine lumber,flamefixx-treated-radiata-pine-lumber,,,not stated in live BML description,https://calfire.govmotus.org/BMLSearch/Index,https://fireapproved.com/materials/flamefixx-treated-radiata-pine-lumber/,https://fireapproved.com/data/osfm-2520-treated-lumber/,BML application CF26011506BML; issued 2026-05-28; expires 2027-06-30; live snapshot 2026-08-25.
2580,plywood,2580-1701:0101,hoover-treated-wood-products,Hoover ExteriorFireX treated lumber and plywood,hoover-exteriorfirex-treated-lumber,,,ASTM E84 / UL 723,https://calfire.govmotus.org/BMLSearch/Index,https://fireapproved.com/materials/hoover-exteriorfirex-treated-lumber/,https://fireapproved.com/data/osfm-2580-plywood/,BML application CF26004770BML; issued 2026-05-31; expires 2027-06-30; live snapshot 2026-08-25.
2580,plywood,2580-1701:0102,hoover-treated-wood-products,Pyro-Guard treated plywood,,out-of-scope-interior-dry-use-only,,,https://calfire.govmotus.org/BMLSearch/Index,,https://fireapproved.com/data/osfm-2580-plywood/,BML application CF26004771BML; issued 2026-05-31; expires 2027-06-30; live snapshot 2026-08-25.
2580,plywood,2580-2080:0100,Viance LLC,D-Blaze fire-retardant-treated plywood,,out-of-scope-interior-or-weather-protected-use,,,https://calfire.govmotus.org/BMLSearch/Index,,https://fireapproved.com/data/osfm-2580-plywood/,BML application CF26011755BML; issued 2026-05-26; expires 2027-06-30; live snapshot 2026-08-25.
4150,wood shakes and shingles,4150-1735:0100,fsr-treatment-inc,FSR pressure-treated western red cedar shakes and shingles,fsr-treatment-inc-model-fsr-pressure-treated-no-1-grade-western-red,,unknown,not stated in live BML description; QAI CERus-1032 evaluates ASTM E108 assemblies,https://calfire.govmotus.org/BMLSearch/Index,https://fireapproved.com/materials/fsr-treatment-inc-model-fsr-pressure-treated-no-1-grade-western-red/,https://fireapproved.com/data/osfm-4150-wood-shakes-and-shingles/,BML application CF26004721BML; issued 2026-05-31; expires 2027-06-30; live snapshot 2026-08-25.
4150,wood shakes and shingles,4150-1735:0101,fsr-treatment-inc,"FTX, Thermex, and FSR pressure-treated western red cedar roofing",fsr-treatment-inc-model-ftx-and-thermex-and-fsr-pressure-treated-no-1,,unknown,not stated in live BML description; QAI CERus-1032 evaluates FTX and FSR ASTM E108 assemblies,https://calfire.govmotus.org/BMLSearch/Index,https://fireapproved.com/materials/fsr-treatment-inc-model-ftx-and-thermex-and-fsr-pressure-treated-no-1/,https://fireapproved.com/data/osfm-4150-wood-shakes-and-shingles/,BML application CF26004722BML; issued 2026-05-31; expires 2027-06-30; live snapshot 2026-08-25. Current QAI report does not name Thermex.
4175,roof covering miscellaneous,4175-2423:0001,eagle-roofing-products,"Eagle Malibu, Capistrano, and Bel Air concrete roof tiles",eagle-roofing-products-concrete-roof-tiles-in-profiles-malibu,,unknown,not stated in live BML description,https://calfire.govmotus.org/BMLSearch/Index,https://fireapproved.com/materials/eagle-roofing-products-concrete-roof-tiles-in-profiles-malibu/,https://fireapproved.com/data/osfm-4175-roof-covering-miscellaneous/,BML application CF26006941BML; issued 2026-05-31; expires 2027-06-30; live snapshot 2026-08-25.
4175,roof covering miscellaneous,4175-2114:0101,enviroshake,Enviroshake composite roof shake,enviroshake-composite-roofing-class-a-deck-15-32-inch-thick-ac-plywood,,unknown,not stated in live BML description,https://calfire.govmotus.org/BMLSearch/Index,https://fireapproved.com/materials/enviroshake-composite-roofing-class-a-deck-15-32-inch-thick-ac-plywood/,https://fireapproved.com/data/osfm-4175-roof-covering-miscellaneous/,BML application CF26002348BML; issued 2026-05-31; expires 2027-06-30; live snapshot 2026-08-25.
4175,roof covering miscellaneous,4175-1380:0102,general-coatings-manufacturing-corp,Spray applied foam and coating system (4175-1380:0102),general-coatings-manufacturing-corp-spray-applied-foam-and-coating,,unknown,not stated in live BML description,https://calfire.govmotus.org/BMLSearch/Index,https://fireapproved.com/materials/general-coatings-manufacturing-corp-spray-applied-foam-and-coating/,https://fireapproved.com/data/osfm-4175-roof-covering-miscellaneous/,BML application CF26012123BML; issued 2026-06-01; expires 2027-06-30; live snapshot 2026-08-25.
4175,roof covering miscellaneous,4175-1430:0101,kalwall-corp,Kalwall Type SW-C and Type A translucent roof panels,kalwall-corp-models-sw-c-and-type-a-exterior-skins-for-roof-covering,,unknown,not stated in live BML description,https://calfire.govmotus.org/BMLSearch/Index,https://fireapproved.com/materials/kalwall-corp-models-sw-c-and-type-a-exterior-skins-for-roof-covering/,https://fireapproved.com/data/osfm-4175-roof-covering-miscellaneous/,BML application CF26004197BML; issued 2026-05-31; expires 2027-06-30; live snapshot 2026-08-25.
4175,roof covering miscellaneous,4175-2258:0500,km-coatings-a-divsion-of-polyglass-usa-inc,KM Acryl 40 and *KM Acryl 40-HS Elastomeric Roof Covering. Refer to listee's data sheet and UL Roofing Materials and Systems Directory for d,km-coatings-a-divsion-of-polyglass-usa-inc-km-acryl-40-and-km-acryl-40,,unknown,not stated in live BML description,https://calfire.govmotus.org/BMLSearch/Index,https://fireapproved.com/materials/km-coatings-a-divsion-of-polyglass-usa-inc-km-acryl-40-and-km-acryl-40/,https://fireapproved.com/data/osfm-4175-roof-covering-miscellaneous/,BML application CF26003648BML; issued 2026-05-31; expires 2027-06-30; live snapshot 2026-08-25.
4175,roof covering miscellaneous,4175-2258:0501,km-coatings-a-divsion-of-polyglass-usa-inc,KM Acryl 15 water-based elastomeric roof covering. (4175-2258:0501),km-coatings-a-divsion-of-polyglass-usa-inc-km-acryl-15-water-based,,unknown,not stated in live BML description,https://calfire.govmotus.org/BMLSearch/Index,https://fireapproved.com/materials/km-coatings-a-divsion-of-polyglass-usa-inc-km-acryl-15-water-based/,https://fireapproved.com/data/osfm-4175-roof-covering-miscellaneous/,BML application CF26007886BML; issued 2026-05-31; expires 2027-06-30; live snapshot 2026-08-25.
4175,roof covering miscellaneous,4175-2258:0502,km-coatings-a-divsion-of-polyglass-usa-inc,KM Acryl 85 water-based elastomeric roof coating. (4175-2258:0502),km-coatings-a-divsion-of-polyglass-usa-inc-km-acryl-85-water-based,,unknown,not stated in live BML description,https://calfire.govmotus.org/BMLSearch/Index,https://fireapproved.com/materials/km-coatings-a-divsion-of-polyglass-usa-inc-km-acryl-85-water-based/,https://fireapproved.com/data/osfm-4175-roof-covering-miscellaneous/,BML application CF26007887BML; issued 2026-05-31; expires 2027-06-30; live snapshot 2026-08-25.
4175,roof covering miscellaneous,4175-2305:0500,polyglass-usa-inc,PolyBrite 70 elastomeric roof coating,polyglass-usa-inc-polybrite-70-elastomeric-roof-covering-refer-to,,unknown,not stated in live BML description,https://calfire.govmotus.org/BMLSearch/Index,https://fireapproved.com/materials/polyglass-usa-inc-polybrite-70-elastomeric-roof-covering-refer-to/,https://fireapproved.com/data/osfm-4175-roof-covering-miscellaneous/,BML application CF26003649BML; issued 2026-03-21; expires 2027-06-30; live snapshot 2026-08-25.
4175,roof covering miscellaneous,4175-2305:0501,polyglass-usa-inc,PolyBrite 75 elastomeric roof covering. Refer to listee's data sheet and UL Roofing Materials and Systems Directory for detailed product des,polyglass-usa-inc-polybrite-75-elastomeric-roof-covering-refer-to,,unknown,not stated in live BML description,https://calfire.govmotus.org/BMLSearch/Index,https://fireapproved.com/materials/polyglass-usa-inc-polybrite-75-elastomeric-roof-covering-refer-to/,https://fireapproved.com/data/osfm-4175-roof-covering-miscellaneous/,BML application CF26003650BML; issued 2026-03-21; expires 2027-06-30; live snapshot 2026-08-25.
4175,roof covering miscellaneous,4175-2305:0502,polyglass-usa-inc,PolyBrite 71-HS Elastomeric Roof Covering. Refer to listee's data sheet and UL Roofing Materials and Systems Directories for detailed produc,polyglass-usa-inc-polybrite-71-hs-elastomeric-roof-covering-refer-to,,unknown,not stated in live BML description,https://calfire.govmotus.org/BMLSearch/Index,https://fireapproved.com/materials/polyglass-usa-inc-polybrite-71-hs-elastomeric-roof-covering-refer-to/,https://fireapproved.com/data/osfm-4175-roof-covering-miscellaneous/,BML application CF26003651BML; issued 2026-03-21; expires 2027-06-30; live snapshot 2026-08-25.
4310,roof insulation,4310-2283:0500,international-insulation-products,SOL-R-SKIN Class A thermal roof underlayment assemblies,international-insulation-products-sol-r-skin-roofing-insulation,,unknown,not stated in live BML description; manufacturer and Intertek sources identify ASTM E108,https://calfire.govmotus.org/BMLSearch/Index,https://fireapproved.com/materials/international-insulation-products-sol-r-skin-roofing-insulation/,https://fireapproved.com/data/osfm-4310-roof-insulation/,BML application CF26006555BML; issued 2026-04-04; expires 2027-06-30; live snapshot 2026-08-25. Exact cover options are retained in the linked product listing note.
8110,decking,8110-2041:0002,american-wood-council,American Wood Council (8110-2041:0002),american-wood-council,,unknown,SFM 12-7A-4,https://calfire.govmotus.org/BMLSearch/Index,https://fireapproved.com/materials/american-wood-council/,https://fireapproved.com/data/osfm-8110-decking/,BML application CF26012072BML; issued 2026-06-01; expires 2027-06-30; live snapshot 2026-08-25.
8110,decking,8110-2042:0001,azek-building-products,Azek Building Products (8110-2042:0001),azek-building-products,,unknown,SFM 12-7A-4,https://calfire.govmotus.org/BMLSearch/Index,https://fireapproved.com/materials/azek-building-products/,https://fireapproved.com/data/osfm-8110-decking/,BML application CF26007945BML; issued 2026-05-31; expires 2027-06-30; live snapshot 2026-08-25.
8110,decking,8110-2042:0003,azek-building-products,Azek Building Products (8110-2042:0003),azek-building-products-8110-2042-0003,,unknown,SFM 12-7A-4,https://calfire.govmotus.org/BMLSearch/Index,https://fireapproved.com/materials/azek-building-products-8110-2042-0003/,https://fireapproved.com/data/osfm-8110-decking/,BML application CF26007946BML; issued 2026-05-31; expires 2027-06-30; live snapshot 2026-08-25.
8110,decking,8110-2042:0004,azek-building-products,Azek Building Products (8110-2042:0004),azek-building-products-8110-2042-0004,,unknown,SFM 12-7A-4,https://calfire.govmotus.org/BMLSearch/Index,https://fireapproved.com/materials/azek-building-products-8110-2042-0004/,https://fireapproved.com/data/osfm-8110-decking/,BML application CF26007947BML; issued 2026-05-31; expires 2027-06-30; live snapshot 2026-08-25.
8110,decking,8110-2042:0500,azek-building-products,Azek Building Products (8110-2042:0500),azek-building-products-8110-2042-0500,,unknown,SFM 12-7A-4,https://calfire.govmotus.org/BMLSearch/Index,https://fireapproved.com/materials/azek-building-products-8110-2042-0500/,https://fireapproved.com/data/osfm-8110-decking/,BML application CF26007948BML; issued 2026-05-31; expires 2027-06-30; live snapshot 2026-08-25.
8110,decking,8110-2042:0501,azek-building-products,Azek Building Products (8110-2042:0501),azek-building-products-8110-2042-0501,,unknown,SFM 12-7A-4,https://calfire.govmotus.org/BMLSearch/Index,https://fireapproved.com/materials/azek-building-products-8110-2042-0501/,https://fireapproved.com/data/osfm-8110-decking/,BML application CF26007949BML; issued 2026-05-31; expires 2027-06-30; live snapshot 2026-08-25.
8110,decking,8110-2042:0502,azek-building-products,Azek Building Products (8110-2042:0502),azek-building-products-8110-2042-0502,,unknown,SFM 12-7A-4,https://calfire.govmotus.org/BMLSearch/Index,https://fireapproved.com/materials/azek-building-products-8110-2042-0502/,https://fireapproved.com/data/osfm-8110-decking/,BML application CF26007950BML; issued 2026-05-31; expires 2027-06-30; live snapshot 2026-08-25.
8110,decking,8110-2042:0503,azek-building-products,TimberTech® AZEK® Landmark Collection decking,azek-building-products-8110-2042-0503,,unknown,SFM 12-7A-4,https://calfire.govmotus.org/BMLSearch/Index,https://fireapproved.com/materials/azek-building-products-8110-2042-0503/,https://fireapproved.com/data/osfm-8110-decking/,BML application CF26007951BML; issued 2026-05-31; expires 2027-06-30; live snapshot 2026-08-25.
8110,decking,8110-2044:0001,envision-outdoor-living-products-llc,Envision Outdoor Living Products LLC (8110-2044:0001),envision-outdoor-living-products-llc,,unknown,SFM 12-7A-4,https://calfire.govmotus.org/BMLSearch/Index,https://fireapproved.com/materials/envision-outdoor-living-products-llc/,https://fireapproved.com/data/osfm-8110-decking/,BML application CF26004252BML; issued 2026-05-31; expires 2027-06-30; live snapshot 2026-08-25.
8110,decking,8110-2044:0002,envision-outdoor-living-products-llc,Envision Outdoor Living Products LLC (8110-2044:0002),envision-outdoor-living-products-llc-8110-2044-0002,,unknown,SFM 12-7A-4,https://calfire.govmotus.org/BMLSearch/Index,https://fireapproved.com/materials/envision-outdoor-living-products-llc-8110-2044-0002/,https://fireapproved.com/data/osfm-8110-decking/,BML application CF26004253BML; issued 2026-05-31; expires 2027-06-30; live snapshot 2026-08-25.
8110,decking,8110-2044:0004,envision-outdoor-living-products-llc,Envision Outdoor Living Products LLC (8110-2044:0004),envision-outdoor-living-products-llc-8110-2044-0004,,unknown,SFM 12-7A-4,https://calfire.govmotus.org/BMLSearch/Index,https://fireapproved.com/materials/envision-outdoor-living-products-llc-8110-2044-0004/,https://fireapproved.com/data/osfm-8110-decking/,BML application CF26004254BML; issued 2026-05-31; expires 2027-06-30; live snapshot 2026-08-25.
8110,decking,8110-2044:0501,envision-outdoor-living-products-llc,Envision Outdoor Living Products LLC (8110-2044:0501),envision-outdoor-living-products-llc-8110-2044-0501,,unknown,SFM 12-7A-4,https://calfire.govmotus.org/BMLSearch/Index,https://fireapproved.com/materials/envision-outdoor-living-products-llc-8110-2044-0501/,https://fireapproved.com/data/osfm-8110-decking/,BML application CF26004255BML; issued 2026-05-31; expires 2027-06-30; live snapshot 2026-08-25.
8110,decking,8110-2045:0008,fiber-composites-llc,"Fiber Composites, LLC (8110-2045:0008)",fiber-composites-llc,,unknown,SFM 12-7A-4,https://calfire.govmotus.org/BMLSearch/Index,https://fireapproved.com/materials/fiber-composites-llc/,https://fireapproved.com/data/osfm-8110-decking/,BML application CF26011981BML; issued 2026-05-31; expires 2027-06-30; live snapshot 2026-08-25.
8110,decking,8110-2045:0500,fiber-composites-llc,"Fiber Composites, LLC (8110-2045:0500)",fiber-composites-llc-8110-2045-0500,,unknown,ASTM E84 / UL 723; SFM 12-7A-4,https://calfire.govmotus.org/BMLSearch/Index,https://fireapproved.com/materials/fiber-composites-llc-8110-2045-0500/,https://fireapproved.com/data/osfm-8110-decking/,BML application CF26011982BML; issued 2026-05-31; expires 2027-06-30; live snapshot 2026-08-25.
8110,decking,8110-2045:0502,fiber-composites-llc,"Sanctuary FR/Advantage FR (Gray Birch) 15/16"" thick X 5-5/16"" width (square-edge with groove) planks with max 3/16"" edge to edge spacing (8110-2045:0502)",fiber-composites-llc-sanctuary-fr-advantage-fr-15-16-thick-x-5-5-16,,unknown,ASTM E84 / UL 723; SFM 12-7A-4,https://calfire.govmotus.org/BMLSearch/Index,https://fireapproved.com/materials/fiber-composites-llc-sanctuary-fr-advantage-fr-15-16-thick-x-5-5-16/,https://fireapproved.com/data/osfm-8110-decking/,BML application CF26011983BML; issued 2026-05-31; expires 2027-06-30; live snapshot 2026-08-25.
8110,decking,8110-2045:0503,fiber-composites-llc,Fiberon® Promenade® PVC decking,fiber-composites-llc-8110-2045-0503,,unknown,SFM 12-7A-4,https://calfire.govmotus.org/BMLSearch/Index,https://fireapproved.com/materials/fiber-composites-llc-8110-2045-0503/,https://fireapproved.com/data/osfm-8110-decking/,BML application CF26012169BML; issued 2026-06-01; expires 2027-06-30; live snapshot 2026-08-25.
8110,decking,8110-2051:0003,timbertech-ltd,"“ReliaBoard™” HDPE composite deck board, square edge, scalloped back surface",timbertech-ltd-reliaboardtm-hdpe-composite-deck-board-square-edge,,unknown,SFM 12-7A-4,https://calfire.govmotus.org/BMLSearch/Index,https://fireapproved.com/materials/timbertech-ltd-reliaboardtm-hdpe-composite-deck-board-square-edge/,https://fireapproved.com/data/osfm-8110-decking/,BML application CF26007952BML; issued 2026-05-31; expires 2027-06-30; live snapshot 2026-08-25.
8110,decking,8110-2052:0004,trex-company-inc,Trex® Transcend® composite decking,trex-company-inc-trex-transcend-composite-deck-board-square-and-grooved,,unknown,ASTM E84 / UL 723; SFM 12-7A-4,https://calfire.govmotus.org/BMLSearch/Index,https://fireapproved.com/materials/trex-company-inc-trex-transcend-composite-deck-board-square-and-grooved/,https://fireapproved.com/data/osfm-8110-decking/,BML application CF26004042BML; issued 2026-05-31; expires 2027-06-30; live snapshot 2026-08-25.
8110,decking,8110-2052:0005,trex-company-inc,"“Trex® Select®” composite deck board, square and grooved edge",trex-company-inc-trex-select-composite-deck-board-square-and-grooved,,unknown,ASTM E84 / UL 723; SFM 12-7A-4,https://calfire.govmotus.org/BMLSearch/Index,https://fireapproved.com/materials/trex-company-inc-trex-select-composite-deck-board-square-and-grooved/,https://fireapproved.com/data/osfm-8110-decking/,BML application CF26004043BML; issued 2026-05-31; expires 2027-06-30; live snapshot 2026-08-25.
8110,decking,8110-2052:0501,trex-company-inc,"Trex® Transcend Lineage® composite deck board, square edge",trex-company-inc-trex-transcend-lineage-composite-deck-board-square-edge,,unknown,ASTM E84 / UL 723; SFM 12-7A-4,https://calfire.govmotus.org/BMLSearch/Index,https://fireapproved.com/materials/trex-company-inc-trex-transcend-lineage-composite-deck-board-square-edge/,https://fireapproved.com/data/osfm-8110-decking/,BML application CF26004044BML; issued 2026-05-31; expires 2027-06-30; live snapshot 2026-08-25.
8110,decking,8110-2052:0502,trex-company-inc,"Trex Refuge PVC deck board, square edge",trex-company-inc-trex-refuge-pvc-deck-board-square-edge,,unknown,not stated in live BML description,https://calfire.govmotus.org/BMLSearch/Index,https://fireapproved.com/materials/trex-company-inc-trex-refuge-pvc-deck-board-square-edge/,https://fireapproved.com/data/osfm-8110-decking/,BML application CF26004045BML; issued 2026-05-31; expires 2027-06-30; live snapshot 2026-08-25.
8110,decking,8110-2053:0100,sabra-international-inc,"Sabra Brand “IPE” solid wood square edge deck board, 3/4” thick x 5-5/16” width",sabra-international-inc-sabra-brand-ipe-solid-wood-square-edge-deck,,unknown,ASTM E84 / UL 723; SFM 12-7A-4,https://calfire.govmotus.org/BMLSearch/Index,https://fireapproved.com/materials/sabra-international-inc-sabra-brand-ipe-solid-wood-square-edge-deck/,https://fireapproved.com/data/osfm-8110-decking/,BML application CF26012137BML; issued 2026-06-01; expires 2027-06-30; live snapshot 2026-08-25.
8110,decking,8110-2064:0500,nusku-partners-llc,Nusku Partners LLC (8110-2064:0500),nusku-partners-llc,,unknown,ASTM E84 / UL 723; SFM 12-7A-4,https://calfire.govmotus.org/BMLSearch/Index,https://fireapproved.com/materials/nusku-partners-llc/,https://fireapproved.com/data/osfm-8110-decking/,BML application CF26006946BML; issued 2026-05-31; expires 2027-06-30; live snapshot 2026-08-25.
8110,decking,8110-2065:0001,redwood-empire,Redwood Empire,redwood-empire,,unknown,SFM 12-7A-4,https://calfire.govmotus.org/BMLSearch/Index,https://fireapproved.com/materials/redwood-empire/,https://fireapproved.com/data/osfm-8110-decking/,BML application CF26008378BML; issued 2026-05-31; expires 2027-06-30; live snapshot 2026-08-25.
8110,decking,8110-2069:0001,kayu-international-inc,"KAYU® Batu (Red Balau) solid hardwood board, reddish brown color",kayu-international-inc-kayu-batu-solid-hardwood-board-reddish-brown,,unknown,SFM 12-7A-4,https://calfire.govmotus.org/BMLSearch/Index,https://fireapproved.com/materials/kayu-international-inc-kayu-batu-solid-hardwood-board-reddish-brown/,https://fireapproved.com/data/osfm-8110-decking/,BML application CF26006292BML; issued 2026-05-31; expires 2027-06-30; live snapshot 2026-08-25.
8110,decking,8110-2069:0002,kayu-international-inc,"KAYU® Yellow Balau solid wood decking boards, square edge",kayu-international-inc-kayu-yellow-balau-solid-wood-decking-boards,,unknown,not stated in live BML description,https://calfire.govmotus.org/BMLSearch/Index,https://fireapproved.com/materials/kayu-international-inc-kayu-yellow-balau-solid-wood-decking-boards/,https://fireapproved.com/data/osfm-8110-decking/,BML application CF26006293BML; issued 2026-05-31; expires 2027-06-30; live snapshot 2026-08-25.
8110,decking,8110-2077:0100,tiger-deck-llc,"Tiger Deck, LLC",tiger-deck-llc,,unknown,SFM 12-7A-4,https://calfire.govmotus.org/BMLSearch/Index,https://fireapproved.com/materials/tiger-deck-llc/,https://fireapproved.com/data/osfm-8110-decking/,BML application CF26007086BML; issued 2026-05-31; expires 2027-06-30; live snapshot 2026-08-25.
8110,decking,8110-2084:0002,western-woods-inc,"Solid “Wood” decking, when installed over minimum 2” x 6” solid “Douglas Fir” or better jo (8110-2084:0002)",western-woods-inc-solid-wood-decking-when-installed-over-minimum-2-x-6,,unknown,SFM 12-7A-4,https://calfire.govmotus.org/BMLSearch/Index,https://fireapproved.com/materials/western-woods-inc-solid-wood-decking-when-installed-over-minimum-2-x-6/,https://fireapproved.com/data/osfm-8110-decking/,BML application CF26012821BML; issued 2026-06-26; expires 2027-06-30; live snapshot 2026-08-25.
8110,decking,8110-2091:0101,sierra-pacific-industries,Sierra Pacific Industries,sierra-pacific-industries,,unknown,SFM 12-7A-4,https://calfire.govmotus.org/BMLSearch/Index,https://fireapproved.com/materials/sierra-pacific-industries/,https://fireapproved.com/data/osfm-8110-decking/,BML application CF26012523BML; issued 2026-06-26; expires 2027-06-30; live snapshot 2026-08-25.
8110,decking,8110-2094:0103,unity-forest-products-inc,"Solid “Wood” decking, when installed over minimum 2” x 6” solid “Douglas Fir” or better jo (8110-2094:0103)",unity-forest-products-inc-solid-wood-decking-when-installed-over,,unknown,SFM 12-7A-4,https://calfire.govmotus.org/BMLSearch/Index,https://fireapproved.com/materials/unity-forest-products-inc-solid-wood-decking-when-installed-over/,https://fireapproved.com/data/osfm-8110-decking/,BML application CF26012582BML; issued 2026-06-26; expires 2027-06-30; live snapshot 2026-08-25.
8110,decking,8110-2123:0100,general-woodcraft-inc,"Mataverde Ipe, Cumaru, Machiche, and Jatoba hardwood decking",general-woodcraft-inc-mataverde-premium-machiche-cumaru-and-ipe,,unknown,SFM 12-7A-4,https://calfire.govmotus.org/BMLSearch/Index,https://fireapproved.com/materials/general-woodcraft-inc-mataverde-premium-machiche-cumaru-and-ipe/,https://fireapproved.com/data/osfm-8110-decking/,BML application CF26012399BML; issued 2026-06-04; expires 2027-06-30; live snapshot 2026-08-25.
8110,decking,8110-2133:0100,avon-plastics-inc,Avon Plastics Inc,avon-plastics-inc,,unknown,ASTM E84 / UL 723; SFM 12-7A-4,https://calfire.govmotus.org/BMLSearch/Index,https://fireapproved.com/materials/avon-plastics-inc/,https://fireapproved.com/data/osfm-8110-decking/,BML application CF26005238BML; issued 2026-05-31; expires 2027-06-30; live snapshot 2026-08-25.
8110,decking,8110-2135:0100,thermory-usa-llc,Thermory USA LLC (8110-2135:0100),thermory-usa-llc,,unknown,SFM 12-7A-4,https://calfire.govmotus.org/BMLSearch/Index,https://fireapproved.com/materials/thermory-usa-llc/,https://fireapproved.com/data/osfm-8110-decking/,BML application CF26004745BML; issued 2026-05-31; expires 2027-06-30; live snapshot 2026-08-25.
8110,decking,8110-2135:0501,thermory-usa-llc,Thermory® Benchmark Pine 5/4×6 decking,thermory-usa-llc-benchmark-pine-thermally-modified-wood-decking-with,,unknown,not stated in live BML description,https://calfire.govmotus.org/BMLSearch/Index,https://fireapproved.com/materials/thermory-usa-llc-benchmark-pine-thermally-modified-wood-decking-with/,https://fireapproved.com/data/osfm-8110-decking/,BML application CF26004746BML; issued 2026-05-31; expires 2027-06-30; live snapshot 2026-08-25.
8110,decking,8110-2135:0502,thermory-usa-llc,Kodiak Spruce thermally modified wood decking with square edge,thermory-usa-llc-kodiak-spruce-thermally-modified-wood-decking-with,,unknown,not stated in live BML description,https://calfire.govmotus.org/BMLSearch/Index,https://fireapproved.com/materials/thermory-usa-llc-kodiak-spruce-thermally-modified-wood-decking-with/,https://fireapproved.com/data/osfm-8110-decking/,BML application CF26004747BML; issued 2026-05-31; expires 2027-06-30; live snapshot 2026-08-25.
8110,decking,8110-2135:0503,thermory-usa-llc,Benchmark Oak thermally modified wood decking with square edge,thermory-usa-llc-benchmark-oak-thermally-modified-wood-decking-with,,unknown,not stated in live BML description,https://calfire.govmotus.org/BMLSearch/Index,https://fireapproved.com/materials/thermory-usa-llc-benchmark-oak-thermally-modified-wood-decking-with/,https://fireapproved.com/data/osfm-8110-decking/,BML application CF26004748BML; issued 2026-05-31; expires 2027-06-30; live snapshot 2026-08-25.
8110,decking,8110-2160:0100,international-market-strategies-blue-star-products-usa,"International Market Strategies/Blue Star Products, USA",international-market-strategies-blue-star-products-usa,,unknown,SFM 12-7A-4,https://calfire.govmotus.org/BMLSearch/Index,https://fireapproved.com/materials/international-market-strategies-blue-star-products-usa/,https://fireapproved.com/data/osfm-8110-decking/,BML application CF26004652BML; issued 2026-05-31; expires 2027-06-30; live snapshot 2026-08-25.
8110,decking,8110-2174:0500,tata-enterprises-inc,TATA Enterprises Mangaris Red solid wood decking,tata-enterprises-inc-tata-enterprises-mangaris-red-solid-wood-decking,,unknown,SFM 12-7A-4,https://calfire.govmotus.org/BMLSearch/Index,https://fireapproved.com/materials/tata-enterprises-inc-tata-enterprises-mangaris-red-solid-wood-decking/,https://fireapproved.com/data/osfm-8110-decking/,BML application CF26010058BML; issued 2026-05-31; expires 2027-06-30; live snapshot 2026-08-25.
8110,decking,8110-2174:0501,tata-enterprises-inc,TATA Enterprises Mangaris Diamond solid wood decking,tata-enterprises-inc-tata-enterprises-mangaris-diamond-solid-wood,,unknown,SFM 12-7A-4,https://calfire.govmotus.org/BMLSearch/Index,https://fireapproved.com/materials/tata-enterprises-inc-tata-enterprises-mangaris-diamond-solid-wood/,https://fireapproved.com/data/osfm-8110-decking/,BML application CF26010059BML; issued 2026-05-31; expires 2027-06-30; live snapshot 2026-08-25.
8110,decking,8110-2212:0503,ufp-ventures-ii-inc,DecKorators Vista composite deck board is a wood-plastic composite,ufp-ventures-ii-inc-deckorators-vista-composite-deck-board,,unknown,not stated in live BML description,https://calfire.govmotus.org/BMLSearch/Index,https://fireapproved.com/materials/ufp-ventures-ii-inc-deckorators-vista-composite-deck-board/,https://fireapproved.com/data/osfm-8110-decking/,BML application CF26004960BML; issued 2026-03-21; expires 2027-06-30; live snapshot 2026-08-25.
8110,decking,8110-2212:0504,ufp-ventures-ii-inc,DecKorators Altitude composite deck board is a wood-plastic composite,ufp-ventures-ii-inc-deckorators-altitude-composite-deck-board,,unknown,not stated in live BML description,https://calfire.govmotus.org/BMLSearch/Index,https://fireapproved.com/materials/ufp-ventures-ii-inc-deckorators-altitude-composite-deck-board/,https://fireapproved.com/data/osfm-8110-decking/,BML application CF26004961BML; issued 2026-03-21; expires 2027-06-30; live snapshot 2026-08-25.
8110,decking,8110-2216:0500,dasso-xtr,EPC-DK20-G2-PP Epic Cognac 1 x 6 fused bamboo deck boards,dasso-xtr-epc-dk20-g2-pp-epic-cognac-1-x-6-fused-bamboo-deck-boards,,unknown,ASTM E84 / UL 723; SFM 12-7A-4,https://calfire.govmotus.org/BMLSearch/Index,https://fireapproved.com/materials/dasso-xtr-epc-dk20-g2-pp-epic-cognac-1-x-6-fused-bamboo-deck-boards/,https://fireapproved.com/data/osfm-8110-decking/,BML application CF26008697BML; issued 2026-06-16; expires 2027-06-30; live snapshot 2026-08-25.
8110,decking,8110-2216:0501,dasso-xtr,dassoXTR® Classic Espresso XTR-DK20-G2-PP fused-bamboo decking,dasso-xtr-xtr-dk20-g2-pp-3-4-x-5-3-8-fused-bamboo-deck-boards-maximum-5,,unknown,ASTM E84 / UL 723; SFM 12-7A-4,https://calfire.govmotus.org/BMLSearch/Index,https://fireapproved.com/materials/dasso-xtr-xtr-dk20-g2-pp-3-4-x-5-3-8-fused-bamboo-deck-boards-maximum-5/,https://fireapproved.com/data/osfm-8110-decking/,BML application CF26008696BML; issued 2026-06-16; expires 2027-06-30; live snapshot 2026-08-25.
8110,decking,8110-2233:0500,inteplast-group-corporation,FR deck boards,inteplast-group-corporation-fr-deck-boards,,unknown,SFM 12-7A-4,https://calfire.govmotus.org/BMLSearch/Index,https://fireapproved.com/materials/inteplast-group-corporation-fr-deck-boards/,https://fireapproved.com/data/osfm-8110-decking/,BML application CF26004387BML; issued 2026-05-31; expires 2027-06-30; live snapshot 2026-08-25.
8110,decking,8110-2278:0502,moso-north-america-inc,"Moso ""N-Durance"" Bamboo Decking boards are comprised of compressed bamboo strips",moso-north-america-inc-moso-n-durance-bamboo-decking-boards-are,,unknown,SFM 12-7A-4,https://calfire.govmotus.org/BMLSearch/Index,https://fireapproved.com/materials/moso-north-america-inc-moso-n-durance-bamboo-decking-boards-are/,https://fireapproved.com/data/osfm-8110-decking/,BML application CF26013894BML; issued 2026-07-03; expires 2027-06-30; live snapshot 2026-08-25.
8110,decking,8110-2278:0503,moso-north-america-inc,"Moso ""Thermo"" Bamboo Decking boards are heat treated compressed bamboo strips",moso-north-america-inc-moso-thermo-bamboo-decking-boards-are-heat,,unknown,SFM 12-7A-4,https://calfire.govmotus.org/BMLSearch/Index,https://fireapproved.com/materials/moso-north-america-inc-moso-thermo-bamboo-decking-boards-are-heat/,https://fireapproved.com/data/osfm-8110-decking/,BML application CF26013895BML; issued 2026-07-03; expires 2027-06-30; live snapshot 2026-08-25.
8110,decking,8110-2308:0500,bingaman-son-lumber-inc,"Thermally modified Ash Americana Decking, material nominal *1"" x 6"" and 5/4"" x 6""",bingaman-son-lumber-inc-thermally-modified-ash-americana-decking,,unknown,ASTM E84 / UL 723; SFM 12-7A-4,https://calfire.govmotus.org/BMLSearch/Index,https://fireapproved.com/materials/bingaman-son-lumber-inc-thermally-modified-ash-americana-decking/,https://fireapproved.com/data/osfm-8110-decking/,BML application CF26003697BML; issued 2026-05-31; expires 2027-06-30; live snapshot 2026-08-25.
8110,decking,8110-2314:0500,fortress-deck-products,Fortress Deck Products,fortress-deck-products,,unknown,ASTM E84 / UL 723; SFM 12-7A-4,https://calfire.govmotus.org/BMLSearch/Index,https://fireapproved.com/materials/fortress-deck-products/,https://fireapproved.com/data/osfm-8110-decking/,BML application CF26011855BML; issued 2026-05-28; expires 2027-06-30; live snapshot 2026-08-25.
8110,decking,8110-2321:0500,moistureshield,"MoistureShield Vision Composite Decking, material 1"" x 5",moistureshield-vision-composite-decking-material-1-x-5,,unknown,ASTM E84 / UL 723; SFM 12-7A-4,https://calfire.govmotus.org/BMLSearch/Index,https://fireapproved.com/materials/moistureshield-vision-composite-decking-material-1-x-5/,https://fireapproved.com/data/osfm-8110-decking/,BML application CF26003541BML; issued 2026-05-31; expires 2027-06-30; live snapshot 2026-08-25.
8110,decking,8110-2321:0501,moistureshield,MoistureShield,moistureshield,,unknown,ASTM E84 / UL 723; SFM 12-7A-4,https://calfire.govmotus.org/BMLSearch/Index,https://fireapproved.com/materials/moistureshield/,https://fireapproved.com/data/osfm-8110-decking/,BML application CF26003542BML; issued 2026-05-31; expires 2027-06-30; live snapshot 2026-08-25.
8110,decking,8110-2323:0501,resysta-north-america-inc,"Resysta® Platinum Fiber Reinforced Hybrid Decking, material 1"" thick by 5-1/2"" wide",resysta-north-america-inc-resysta-platinum-fiber-reinforced-hybrid,,unknown,ASTM E84 / UL 723; SFM 12-7A-4,https://calfire.govmotus.org/BMLSearch/Index,https://fireapproved.com/materials/resysta-north-america-inc-resysta-platinum-fiber-reinforced-hybrid/,https://fireapproved.com/data/osfm-8110-decking/,BML application CF26014676BML; issued 2026-08-19; expires 2027-06-30; live snapshot 2026-08-25.
8110,decking,8110-2327:0500,icp-construction,Pli-Dek Standard waterproof walking-deck system,icp-construction,,unknown,SFM 12-7A-4,https://calfire.govmotus.org/BMLSearch/Index,https://fireapproved.com/materials/icp-construction/,https://fireapproved.com/data/osfm-8110-decking/,BML application CF26002210BML; issued 2026-05-31; expires 2027-06-30; live snapshot 2026-08-25.
8110,decking,8110-2336:0500,avm-industries-inc,Elasto Fiberdeck 100 Walking Deck System,avm-industries-inc-elasto-fiberdeck-100-walking-deck-system,,unknown,SFM 12-7A-4,https://calfire.govmotus.org/BMLSearch/Index,https://fireapproved.com/materials/avm-industries-inc-elasto-fiberdeck-100-walking-deck-system/,https://fireapproved.com/data/osfm-8110-decking/,BML application CF26007940BML; issued 2026-05-31; expires 2027-06-30; live snapshot 2026-08-25.
8110,decking,8110-2336:0501,avm-industries-inc,Forevercoat 100 Walking Deck System,avm-industries-inc-forevercoat-100-walking-deck-system,,unknown,SFM 12-7A-4,https://calfire.govmotus.org/BMLSearch/Index,https://fireapproved.com/materials/avm-industries-inc-forevercoat-100-walking-deck-system/,https://fireapproved.com/data/osfm-8110-decking/,BML application CF26007941BML; issued 2026-05-31; expires 2027-06-30; live snapshot 2026-08-25.
8110,decking,8110-2344:0500,sylvanix-outdoor-products-inc,"Sylvanix® Elite Collection FR, Elite Essentials FR, and Destinations FR decking",sylvanix-outdoor-products-inc-elite-collection-fr-elite-essentials-fr,,unknown,SFM 12-7A-4,https://calfire.govmotus.org/BMLSearch/Index,https://fireapproved.com/materials/sylvanix-outdoor-products-inc-elite-collection-fr-elite-essentials-fr/,https://fireapproved.com/data/osfm-8110-decking/,BML application CF26003296BML; issued 2026-05-31; expires 2027-06-30; live snapshot 2026-08-25.
8110,decking,8110-2377:0001,nova-usa-wood-products,"Lux Gold Bangkirai (Yellow Balau) 1"" x 4"", 1"" x 6"", 5/4"" x 4"", and 5/4"" x 6"" decking board",nova-usa-wood-products-lux-gold-bangkirai-1-x-4-1-x-6-5-4-x-4-and-5-4-x,,unknown,SFM 12-7A-4,https://calfire.govmotus.org/BMLSearch/Index,https://fireapproved.com/materials/nova-usa-wood-products-lux-gold-bangkirai-1-x-4-1-x-6-5-4-x-4-and-5-4-x/,https://fireapproved.com/data/osfm-8110-decking/,BML application CF26011632BML; issued 2026-05-28; expires 2027-06-30; live snapshot 2026-08-25.
8110,decking,8110-2377:0002,nova-usa-wood-products,Nova USA Wood Products,nova-usa-wood-products,,unknown,SFM 12-7A-4,https://calfire.govmotus.org/BMLSearch/Index,https://fireapproved.com/materials/nova-usa-wood-products/,https://fireapproved.com/data/osfm-8110-decking/,BML application CF26011633BML; issued 2026-05-28; expires 2027-06-30; live snapshot 2026-08-25.
8110,decking,8110-2379:0001,the-millboard-company-ltd,"The Millboard Companies Enhanced Grain, nominal 1"" x 7""",the-millboard-company-ltd-the-millboard-companies-enhanced-grain,,unknown,ASTM E84 / UL 723; SFM 12-7A-4,https://calfire.govmotus.org/BMLSearch/Index,https://fireapproved.com/materials/the-millboard-company-ltd-the-millboard-companies-enhanced-grain/,https://fireapproved.com/data/osfm-8110-decking/,BML application CF26013678BML; issued 2026-07-03; expires 2027-06-30; live snapshot 2026-08-25.
8110,decking,8110-2392:0001,arbor-wood-co,Thermally Modified Ash Exterior Decking Boards sized ¾” x 5,arbor-wood-co-thermally-modified-ash-exterior-decking-boards-sized-3-4,,unknown,SFM 12-7A-4,https://calfire.govmotus.org/BMLSearch/Index,https://fireapproved.com/materials/arbor-wood-co-thermally-modified-ash-exterior-decking-boards-sized-3-4/,https://fireapproved.com/data/osfm-8110-decking/,BML application CF26013934BML; issued 2026-07-03; expires 2027-06-30; live snapshot 2026-08-25.
8110,decking,8110-2392:0003,arbor-wood-co,"Pine wood exterior decking boards sized 1"" x 5.25"" fastened to 2"" x 6"" nominal southern ye",arbor-wood-co-pine-wood-exterior-decking-boards-sized-1-x-5-25-fastened,,unknown,ASTM E84 / UL 723; SFM 12-7A-4,https://calfire.govmotus.org/BMLSearch/Index,https://fireapproved.com/materials/arbor-wood-co-pine-wood-exterior-decking-boards-sized-1-x-5-25-fastened/,https://fireapproved.com/data/osfm-8110-decking/,BML application CF26013929BML; issued 2026-07-06; expires 2027-06-30; live snapshot 2026-08-25.
8120,exterior windows,8120-2120:0100,riviera-bronze-manufacturing,Riviera Bronze metal-glazed window system,riviera-bronze-manufacturing,,unknown,not stated in live BML description,https://calfire.govmotus.org/BMLSearch/Index,https://fireapproved.com/materials/riviera-bronze-manufacturing/,https://fireapproved.com/data/osfm-8120-exterior-windows/,BML application CF26002064BML; issued 2026-03-22; expires 2027-06-30; live snapshot 2026-08-25.
8120,exterior windows,8120-2120:0500,riviera-bronze-manufacturing,Riviera Bronze Thermal Break Frame System window,riviera-bronze-manufacturing-8120-2120-0500,,unknown,not stated in live BML description,https://calfire.govmotus.org/BMLSearch/Index,https://fireapproved.com/materials/riviera-bronze-manufacturing-8120-2120-0500/,https://fireapproved.com/data/osfm-8120-exterior-windows/,BML application CF26002065BML; issued 2026-03-22; expires 2027-06-30; live snapshot 2026-08-25.
8140,exterior wall siding and sheathing,8140-2020:0001,apa-the-engineered-wood-association,Apa-The Engineered Wood Association,apa-the-engineered-wood-association,,unknown,SFM 12-7A-1,https://calfire.govmotus.org/BMLSearch/Index,https://fireapproved.com/materials/apa-the-engineered-wood-association/,https://fireapproved.com/data/osfm-8140-exterior-wall-siding-and-sheathing/,BML application CF26012030BML; issued 2026-05-31; expires 2027-06-30; live snapshot 2026-08-25.
8140,exterior wall siding and sheathing,8140-2020:0002,apa-the-engineered-wood-association,APA-THE ENGINEERED WOOD ASSOCIATION,apa-the-engineered-wood-association-2020-0002,,unknown,not stated in live BML description,https://calfire.govmotus.org/BMLSearch/Index,https://fireapproved.com/materials/apa-the-engineered-wood-association-2020-0002/,https://fireapproved.com/data/osfm-8140-exterior-wall-siding-and-sheathing/,BML application CF26012031BML; issued 2026-05-31; expires 2027-06-30; live snapshot 2026-08-25.
8140,exterior wall siding and sheathing,8140-2022:0001,bodyguard-wood-products,BODYGUARD WOOD PRODUCTS (8140-2022:0001),bodyguard-wood-products,,unknown,not stated in live BML description,https://calfire.govmotus.org/BMLSearch/Index,https://fireapproved.com/materials/bodyguard-wood-products/,https://fireapproved.com/data/osfm-8140-exterior-wall-siding-and-sheathing/,BML application CF26012794BML; issued 2026-06-26; expires 2027-06-30; live snapshot 2026-08-25.
8140,exterior wall siding and sheathing,8140-2022:0003,bodyguard-wood-products,BODYGUARD WOOD PRODUCTS (8140-2022:0003),bodyguard-wood-products-8140-2022-0003,,unknown,not stated in live BML description,https://calfire.govmotus.org/BMLSearch/Index,https://fireapproved.com/materials/bodyguard-wood-products-8140-2022-0003/,https://fireapproved.com/data/osfm-8140-exterior-wall-siding-and-sheathing/,BML application CF26012795BML; issued 2026-06-26; expires 2027-06-30; live snapshot 2026-08-25.
8140,exterior wall siding and sheathing,8140-2022:0004,bodyguard-wood-products,BODYGUARD WOOD PRODUCTS (8140-2022:0004),bodyguard-wood-products-8140-2022-0004,,unknown,not stated in live BML description,https://calfire.govmotus.org/BMLSearch/Index,https://fireapproved.com/materials/bodyguard-wood-products-8140-2022-0004/,https://fireapproved.com/data/osfm-8140-exterior-wall-siding-and-sheathing/,BML application CF26012796BML; issued 2026-06-26; expires 2027-06-30; live snapshot 2026-08-25.
8140,exterior wall siding and sheathing,8140-2022:0005,bodyguard-wood-products,BODYGUARD WOOD PRODUCTS (8140-2022:0005),bodyguard-wood-products-8140-2022-0005,,unknown,not stated in live BML description,https://calfire.govmotus.org/BMLSearch/Index,https://fireapproved.com/materials/bodyguard-wood-products-8140-2022-0005/,https://fireapproved.com/data/osfm-8140-exterior-wall-siding-and-sheathing/,BML application CF26012797BML; issued 2026-06-26; expires 2027-06-30; live snapshot 2026-08-25.
8140,exterior wall siding and sheathing,8140-2023:0002,cedar-valley-manufacturing,CEDAR VALLEY MANUFACTURING,cedar-valley-manufacturing,,unknown,not stated in live BML description,https://calfire.govmotus.org/BMLSearch/Index,https://fireapproved.com/materials/cedar-valley-manufacturing/,https://fireapproved.com/data/osfm-8140-exterior-wall-siding-and-sheathing/,BML application CF26010984BML; issued 2026-05-31; expires 2027-06-30; live snapshot 2026-08-25.
8140,exterior wall siding and sheathing,8140-2025:0006,collins-products-llc,"COLLINS PRODUCTS, LLC",collins-products-llc,,unknown,not stated in live BML description,https://calfire.govmotus.org/BMLSearch/Index,https://fireapproved.com/materials/collins-products-llc/,https://fireapproved.com/data/osfm-8140-exterior-wall-siding-and-sheathing/,BML application CF26013179BML; issued 2026-06-19; expires 2027-06-30; live snapshot 2026-08-25.
8140,exterior wall siding and sheathing,8140-2026:0001,james-hardie-building-products-inc,"JAMES HARDIE BUILDING PRODUCTS, INC. (8140-2026:0001)",james-hardie-building-products-inc,,unknown,not stated in live BML description,https://calfire.govmotus.org/BMLSearch/Index,https://fireapproved.com/materials/james-hardie-building-products-inc/,https://fireapproved.com/data/osfm-8140-exterior-wall-siding-and-sheathing/,BML application CF26013267BML; issued 2026-06-19; expires 2027-06-30; live snapshot 2026-08-25.
8140,exterior wall siding and sheathing,8140-2026:0002,james-hardie-building-products-inc,"JAMES HARDIE BUILDING PRODUCTS, INC. (8140-2026:0002)",james-hardie-building-products-inc-8140-2026-0002,,unknown,not stated in live BML description,https://calfire.govmotus.org/BMLSearch/Index,https://fireapproved.com/materials/james-hardie-building-products-inc-8140-2026-0002/,https://fireapproved.com/data/osfm-8140-exterior-wall-siding-and-sheathing/,BML application CF26013268BML; issued 2026-06-19; expires 2027-06-30; live snapshot 2026-08-25.
8140,exterior wall siding and sheathing,8140-2026:0003,james-hardie-building-products-inc,"JAMES HARDIE BUILDING PRODUCTS, INC. (8140-2026:0003)",james-hardie-building-products-inc-8140-2026-0003,,unknown,not stated in live BML description,https://calfire.govmotus.org/BMLSearch/Index,https://fireapproved.com/materials/james-hardie-building-products-inc-8140-2026-0003/,https://fireapproved.com/data/osfm-8140-exterior-wall-siding-and-sheathing/,BML application CF26013269BML; issued 2026-06-19; expires 2027-06-30; live snapshot 2026-08-25.
8140,exterior wall siding and sheathing,8140-2026:0004,james-hardie-building-products-inc,"JAMES HARDIE BUILDING PRODUCTS, INC. (8140-2026:0004)",james-hardie-building-products-inc-8140-2026-0004,,unknown,not stated in live BML description,https://calfire.govmotus.org/BMLSearch/Index,https://fireapproved.com/materials/james-hardie-building-products-inc-8140-2026-0004/,https://fireapproved.com/data/osfm-8140-exterior-wall-siding-and-sheathing/,BML application CF26013270BML; issued 2026-06-19; expires 2027-06-30; live snapshot 2026-08-25.
8140,exterior wall siding and sheathing,8140-2026:0005,james-hardie-building-products-inc,Hardie® Plank lap siding,james-hardie-building-products-inc-8140-2026-0005,,unknown,not stated in live BML description,https://calfire.govmotus.org/BMLSearch/Index,https://fireapproved.com/materials/james-hardie-building-products-inc-8140-2026-0005/,https://fireapproved.com/data/osfm-8140-exterior-wall-siding-and-sheathing/,BML application CF26013271BML; issued 2026-06-19; expires 2027-06-30; live snapshot 2026-08-25.
8140,exterior wall siding and sheathing,8140-2026:0500,james-hardie-building-products-inc,"JAMES HARDIE BUILDING PRODUCTS, INC. (8140-2026:0500)",james-hardie-building-products-inc-8140-2026-0500,,unknown,not stated in live BML description,https://calfire.govmotus.org/BMLSearch/Index,https://fireapproved.com/materials/james-hardie-building-products-inc-8140-2026-0500/,https://fireapproved.com/data/osfm-8140-exterior-wall-siding-and-sheathing/,BML application CF26013272BML; issued 2026-06-19; expires 2027-06-30; live snapshot 2026-08-25.
8140,exterior wall siding and sheathing,8140-2026:0501,james-hardie-building-products-inc,"Reveal® Panel System, fiber-cement panel siding, 7/16"" thick",james-hardie-building-products-inc-reveal-panel-system-fiber-cement,,unknown,ASTM E136,https://calfire.govmotus.org/BMLSearch/Index,https://fireapproved.com/materials/james-hardie-building-products-inc-reveal-panel-system-fiber-cement/,https://fireapproved.com/data/osfm-8140-exterior-wall-siding-and-sheathing/,BML application CF26013273BML; issued 2026-06-19; expires 2027-06-30; live snapshot 2026-08-25.
8140,exterior wall siding and sheathing,8140-2026:0502,james-hardie-building-products-inc,"Hardie® Textured Panel, noncombustible fiber-cement panel siding, 5/16"" thick",james-hardie-building-products-inc-hardie-textured-panel-noncombustible,,unknown,ASTM E136,https://calfire.govmotus.org/BMLSearch/Index,https://fireapproved.com/materials/james-hardie-building-products-inc-hardie-textured-panel-noncombustible/,https://fireapproved.com/data/osfm-8140-exterior-wall-siding-and-sheathing/,BML application CF26013274BML; issued 2026-06-19; expires 2027-06-30; live snapshot 2026-08-25.
8140,exterior wall siding and sheathing,8140-2027:0001,louisiana-pacific-corporation,LP® SmartSide® 38 Series Strand Substrate lap siding WUI assembly,louisiana-pacific-corporation,,unknown,not stated in live BML description,https://calfire.govmotus.org/BMLSearch/Index,https://fireapproved.com/materials/louisiana-pacific-corporation/,https://fireapproved.com/data/osfm-8140-exterior-wall-siding-and-sheathing/,BML application CF26013946BML; issued 2026-07-03; expires 2027-06-30; live snapshot 2026-08-25.
8140,exterior wall siding and sheathing,8140-2027:0002,louisiana-pacific-corporation,LOUISIANA-PACIFIC CORPORATION (8140-2027:0002),louisiana-pacific-corporation-8140-2027-0002,,unknown,not stated in live BML description,https://calfire.govmotus.org/BMLSearch/Index,https://fireapproved.com/materials/louisiana-pacific-corporation-8140-2027-0002/,https://fireapproved.com/data/osfm-8140-exterior-wall-siding-and-sheathing/,BML application CF26013947BML; issued 2026-07-03; expires 2027-06-30; live snapshot 2026-08-25.
8140,exterior wall siding and sheathing,8140-2027:0005,louisiana-pacific-corporation,LOUISIANA-PACIFIC CORPORATION (8140-2027:0005),louisiana-pacific-corporation-8140-2027-0005,,unknown,not stated in live BML description,https://calfire.govmotus.org/BMLSearch/Index,https://fireapproved.com/materials/louisiana-pacific-corporation-8140-2027-0005/,https://fireapproved.com/data/osfm-8140-exterior-wall-siding-and-sheathing/,BML application CF26013948BML; issued 2026-07-03; expires 2027-06-30; live snapshot 2026-08-25.
8140,exterior wall siding and sheathing,8140-2027:0006,louisiana-pacific-corporation,LOUISIANA-PACIFIC CORPORATION (8140-2027:0006),louisiana-pacific-corporation-8140-2027-0006,,unknown,not stated in live BML description,https://calfire.govmotus.org/BMLSearch/Index,https://fireapproved.com/materials/louisiana-pacific-corporation-8140-2027-0006/,https://fireapproved.com/data/osfm-8140-exterior-wall-siding-and-sheathing/,BML application CF26013949BML; issued 2026-07-03; expires 2027-06-30; live snapshot 2026-08-25.
8140,exterior wall siding and sheathing,8140-2031:0001,roseburg-forest-products-co,ROSEBURG FOREST PRODUCTS CO. (8140-2031:0001),roseburg-forest-products-co,,unknown,not stated in live BML description,https://calfire.govmotus.org/BMLSearch/Index,https://fireapproved.com/materials/roseburg-forest-products-co/,https://fireapproved.com/data/osfm-8140-exterior-wall-siding-and-sheathing/,BML application CF26006059BML; issued 2026-05-31; expires 2027-06-30; live snapshot 2026-08-25.
8140,exterior wall siding and sheathing,8140-2031:0002,roseburg-forest-products-co,ROSEBURG FOREST PRODUCTS CO. (8140-2031:0002),roseburg-forest-products-co-8140-2031-0002,,unknown,not stated in live BML description,https://calfire.govmotus.org/BMLSearch/Index,https://fireapproved.com/materials/roseburg-forest-products-co-8140-2031-0002/,https://fireapproved.com/data/osfm-8140-exterior-wall-siding-and-sheathing/,BML application CF26006060BML; issued 2026-05-31; expires 2027-06-30; live snapshot 2026-08-25.
8140,exterior wall siding and sheathing,8140-2031:0003,roseburg-forest-products-co,ROSEBURG FOREST PRODUCTS CO. (8140-2031:0003),roseburg-forest-products-co-8140-2031-0003,,unknown,not stated in live BML description,https://calfire.govmotus.org/BMLSearch/Index,https://fireapproved.com/materials/roseburg-forest-products-co-8140-2031-0003/,https://fireapproved.com/data/osfm-8140-exterior-wall-siding-and-sheathing/,BML application CF26006061BML; issued 2026-05-31; expires 2027-06-30; live snapshot 2026-08-25.
8140,exterior wall siding and sheathing,8140-2031:0004,roseburg-forest-products-co,Roseburg DuraTemp® 19/32-inch primed shiplap siding,roseburg-forest-products-co-8140-2031-0004,,unknown,not stated in live BML description,https://calfire.govmotus.org/BMLSearch/Index,https://fireapproved.com/materials/roseburg-forest-products-co-8140-2031-0004/,https://fireapproved.com/data/osfm-8140-exterior-wall-siding-and-sheathing/,BML application CF26006062BML; issued 2026-05-31; expires 2027-06-30; live snapshot 2026-08-25.
8140,exterior wall siding and sheathing,8140-2032:0001,shakertown,Shakertown Craftsman one-course cedar shingle panels,shakertown,,unknown,not stated in live BML description,https://calfire.govmotus.org/BMLSearch/Index,https://fireapproved.com/materials/shakertown/,https://fireapproved.com/data/osfm-8140-exterior-wall-siding-and-sheathing/,BML application CF26012731BML; issued 2026-06-26; expires 2027-06-30; live snapshot 2026-08-25.
8140,exterior wall siding and sheathing,8140-2032:0002,shakertown,SHAKERTOWN (8140-2032:0002),shakertown-8140-2032-0002,,unknown,not stated in live BML description,https://calfire.govmotus.org/BMLSearch/Index,https://fireapproved.com/materials/shakertown-8140-2032-0002/,https://fireapproved.com/data/osfm-8140-exterior-wall-siding-and-sheathing/,BML application CF26012732BML; issued 2026-06-26; expires 2027-06-30; live snapshot 2026-08-25.
8140,exterior wall siding and sheathing,8140-2032:0003,shakertown,Shakertown (8140-2032:0003),shakertown-8140-2032-0003,,unknown,SFM 12-7A-1,https://calfire.govmotus.org/BMLSearch/Index,https://fireapproved.com/materials/shakertown-8140-2032-0003/,https://fireapproved.com/data/osfm-8140-exterior-wall-siding-and-sheathing/,BML application CF26012733BML; issued 2026-06-26; expires 2027-06-30; live snapshot 2026-08-25.
8140,exterior wall siding and sheathing,8140-2041:0001,american-wood-council,American Wood Council (8140-2041:0001),american-wood-council-8140-2041-0001,,unknown,not stated in live BML description,https://calfire.govmotus.org/BMLSearch/Index,https://fireapproved.com/materials/american-wood-council-8140-2041-0001/,https://fireapproved.com/data/osfm-8140-exterior-wall-siding-and-sheathing/,BML application CF26012073BML; issued 2026-06-01; expires 2027-06-30; live snapshot 2026-08-25.
8140,exterior wall siding and sheathing,8140-2041:0003,american-wood-council,American Wood Council (8140-2041:0003),american-wood-council-8140-2041-0003,,unknown,not stated in live BML description,https://calfire.govmotus.org/BMLSearch/Index,https://fireapproved.com/materials/american-wood-council-8140-2041-0003/,https://fireapproved.com/data/osfm-8140-exterior-wall-siding-and-sheathing/,BML application CF26012074BML; issued 2026-06-01; expires 2027-06-30; live snapshot 2026-08-25.
8140,exterior wall siding and sheathing,8140-2041:0004,american-wood-council,American Wood Council (8140-2041:0004),american-wood-council-8140-2041-0004,,unknown,not stated in live BML description,https://calfire.govmotus.org/BMLSearch/Index,https://fireapproved.com/materials/american-wood-council-8140-2041-0004/,https://fireapproved.com/data/osfm-8140-exterior-wall-siding-and-sheathing/,BML application CF26012075BML; issued 2026-06-01; expires 2027-06-30; live snapshot 2026-08-25.
8140,exterior wall siding and sheathing,8140-2041:0005,american-wood-council,American Wood Council (8140-2041:0005),american-wood-council-8140-2041-0005,,unknown,not stated in live BML description,https://calfire.govmotus.org/BMLSearch/Index,https://fireapproved.com/materials/american-wood-council-8140-2041-0005/,https://fireapproved.com/data/osfm-8140-exterior-wall-siding-and-sheathing/,BML application CF26012076BML; issued 2026-06-01; expires 2027-06-30; live snapshot 2026-08-25.
8140,exterior wall siding and sheathing,8140-2041:0008,american-wood-council,American Wood Council (8140-2041:0008),american-wood-council-8140-2041-0008,,unknown,not stated in live BML description,https://calfire.govmotus.org/BMLSearch/Index,https://fireapproved.com/materials/american-wood-council-8140-2041-0008/,https://fireapproved.com/data/osfm-8140-exterior-wall-siding-and-sheathing/,BML application CF26012077BML; issued 2026-06-01; expires 2027-06-30; live snapshot 2026-08-25.
8140,exterior wall siding and sheathing,8140-2045:0504,fiber-composites-llc,Fiberon® Wildwood™ composite cladding,fiber-composites-llc-8140-2045-0504,,unknown,SFM 12-7A-1,https://calfire.govmotus.org/BMLSearch/Index,https://fireapproved.com/materials/fiber-composites-llc-8140-2045-0504/,https://fireapproved.com/data/osfm-8140-exterior-wall-siding-and-sheathing/,BML application CF26012170BML; issued 2026-06-01; expires 2027-06-30; live snapshot 2026-08-25.
8140,exterior wall siding and sheathing,8140-2064:0100,nusku-partners-llc,Nusku Partners LLC (8140-2064:0100),nusku-partners-llc-8140-2064-0100,,unknown,not stated in live BML description,https://calfire.govmotus.org/BMLSearch/Index,https://fireapproved.com/materials/nusku-partners-llc-8140-2064-0100/,https://fireapproved.com/data/osfm-8140-exterior-wall-siding-and-sheathing/,BML application CF26006947BML; issued 2026-05-31; expires 2027-06-30; live snapshot 2026-08-25.
8140,exterior wall siding and sheathing,8140-2064:0101,nusku-partners-llc,Nusku Partners LLC (8140-2064:0101),nusku-partners-llc-8140-2064-0101,,unknown,not stated in live BML description,https://calfire.govmotus.org/BMLSearch/Index,https://fireapproved.com/materials/nusku-partners-llc-8140-2064-0101/,https://fireapproved.com/data/osfm-8140-exterior-wall-siding-and-sheathing/,BML application CF26006948BML; issued 2026-05-31; expires 2027-06-30; live snapshot 2026-08-25.
8140,exterior wall siding and sheathing,8140-2064:0102,nusku-partners-llc,Nusku Partners LLC (8140-2064:0102),nusku-partners-llc-8140-2064-0102,,unknown,not stated in live BML description,https://calfire.govmotus.org/BMLSearch/Index,https://fireapproved.com/materials/nusku-partners-llc-8140-2064-0102/,https://fireapproved.com/data/osfm-8140-exterior-wall-siding-and-sheathing/,BML application CF26006949BML; issued 2026-05-31; expires 2027-06-30; live snapshot 2026-08-25.
8140,exterior wall siding and sheathing,8140-2064:0501,nusku-partners-llc,Nusku Partners LLC (8140-2064:0501),nusku-partners-llc-8140-2064-0501,,unknown,SFM 12-7A-1,https://calfire.govmotus.org/BMLSearch/Index,https://fireapproved.com/materials/nusku-partners-llc-8140-2064-0501/,https://fireapproved.com/data/osfm-8140-exterior-wall-siding-and-sheathing/,BML application CF26006950BML; issued 2026-05-31; expires 2027-06-30; live snapshot 2026-08-25.
8140,exterior wall siding and sheathing,8140-2064:0503,nusku-partners-llc,Nusku Partners LLC (8140-2064:0503),nusku-partners-llc-8140-2064-0503,,unknown,SFM 12-7A-1,https://calfire.govmotus.org/BMLSearch/Index,https://fireapproved.com/materials/nusku-partners-llc-8140-2064-0503/,https://fireapproved.com/data/osfm-8140-exterior-wall-siding-and-sheathing/,BML application CF26006951BML; issued 2026-05-31; expires 2027-06-30; live snapshot 2026-08-25.
8140,exterior wall siding and sheathing,8140-2070:0001,ply-gem-siding-group,PLY GEM SIDING GROUP,ply-gem-siding-group,,unknown,not stated in live BML description,https://calfire.govmotus.org/BMLSearch/Index,https://fireapproved.com/materials/ply-gem-siding-group/,https://fireapproved.com/data/osfm-8140-exterior-wall-siding-and-sheathing/,BML application CF26007942BML; issued 2026-04-16; expires 2027-06-30; live snapshot 2026-08-25.
8140,exterior wall siding and sheathing,8140-2070:0004,ply-gem-siding-group,"Mastic Quest Vinyl Siding (Non-Weathered) PVC siding with dimensions of 144"" x 10""",ply-gem-siding-group-mastic-quest-vinyl-siding-pvc-siding-with,,unknown,SFM 12-7A-1,https://calfire.govmotus.org/BMLSearch/Index,https://fireapproved.com/materials/ply-gem-siding-group-mastic-quest-vinyl-siding-pvc-siding-with/,https://fireapproved.com/data/osfm-8140-exterior-wall-siding-and-sheathing/,BML application CF26007943BML; issued 2026-04-16; expires 2027-06-30; live snapshot 2026-08-25.
8140,exterior wall siding and sheathing,8140-2070:0005,ply-gem-siding-group,Mastic Structure Vinyl Siding (Non-Weathered) insulated PVC siding with dimensions of 12'6,ply-gem-siding-group-mastic-structure-vinyl-siding-insulated-pvc-siding,,unknown,SFM 12-7A-1,https://calfire.govmotus.org/BMLSearch/Index,https://fireapproved.com/materials/ply-gem-siding-group-mastic-structure-vinyl-siding-insulated-pvc-siding/,https://fireapproved.com/data/osfm-8140-exterior-wall-siding-and-sheathing/,BML application CF26007944BML; issued 2026-04-16; expires 2027-06-30; live snapshot 2026-08-25.
8140,exterior wall siding and sheathing,8140-2084:0001,western-woods-inc,WESTERN WOODS INC. (8140-2084:0001),western-woods-inc,,unknown,not stated in live BML description,https://calfire.govmotus.org/BMLSearch/Index,https://fireapproved.com/materials/western-woods-inc/,https://fireapproved.com/data/osfm-8140-exterior-wall-siding-and-sheathing/,BML application CF26012822BML; issued 2026-06-26; expires 2027-06-30; live snapshot 2026-08-25.
8140,exterior wall siding and sheathing,8140-2084:0003,western-woods-inc,WESTERN WOODS INC. (8140-2084:0003),western-woods-inc-8140-2084-0003,,unknown,not stated in live BML description,https://calfire.govmotus.org/BMLSearch/Index,https://fireapproved.com/materials/western-woods-inc-8140-2084-0003/,https://fireapproved.com/data/osfm-8140-exterior-wall-siding-and-sheathing/,BML application CF26012823BML; issued 2026-06-26; expires 2027-06-30; live snapshot 2026-08-25.
8140,exterior wall siding and sheathing,8140-2084:0004,western-woods-inc,WESTERN WOODS INC. (8140-2084:0004),western-woods-inc-8140-2084-0004,,unknown,not stated in live BML description,https://calfire.govmotus.org/BMLSearch/Index,https://fireapproved.com/materials/western-woods-inc-8140-2084-0004/,https://fireapproved.com/data/osfm-8140-exterior-wall-siding-and-sheathing/,BML application CF26012824BML; issued 2026-06-26; expires 2027-06-30; live snapshot 2026-08-25.
8140,exterior wall siding and sheathing,8140-2084:0005,western-woods-inc,WESTERN WOODS INC. (8140-2084:0005),western-woods-inc-8140-2084-0005,,unknown,not stated in live BML description,https://calfire.govmotus.org/BMLSearch/Index,https://fireapproved.com/materials/western-woods-inc-8140-2084-0005/,https://fireapproved.com/data/osfm-8140-exterior-wall-siding-and-sheathing/,BML application CF26012825BML; issued 2026-06-26; expires 2027-06-30; live snapshot 2026-08-25.
8140,exterior wall siding and sheathing,8140-2084:0006,western-woods-inc,WESTERN WOODS INC. (8140-2084:0006),western-woods-inc-8140-2084-0006,,unknown,not stated in live BML description,https://calfire.govmotus.org/BMLSearch/Index,https://fireapproved.com/materials/western-woods-inc-8140-2084-0006/,https://fireapproved.com/data/osfm-8140-exterior-wall-siding-and-sheathing/,BML application CF26012826BML; issued 2026-06-26; expires 2027-06-30; live snapshot 2026-08-25.
8140,exterior wall siding and sheathing,8140-2091:0100,sierra-pacific-industries,SIERRA PACIFIC INDUSTRIES (8140-2091:0100),sierra-pacific-industries-8140-2091-0100,,unknown,not stated in live BML description,https://calfire.govmotus.org/BMLSearch/Index,https://fireapproved.com/materials/sierra-pacific-industries-8140-2091-0100/,https://fireapproved.com/data/osfm-8140-exterior-wall-siding-and-sheathing/,BML application CF26012524BML; issued 2026-06-26; expires 2027-06-30; live snapshot 2026-08-25.
8140,exterior wall siding and sheathing,8140-2091:0103,sierra-pacific-industries,SIERRA PACIFIC INDUSTRIES (8140-2091:0103),sierra-pacific-industries-8140-2091-0103,,unknown,not stated in live BML description,https://calfire.govmotus.org/BMLSearch/Index,https://fireapproved.com/materials/sierra-pacific-industries-8140-2091-0103/,https://fireapproved.com/data/osfm-8140-exterior-wall-siding-and-sheathing/,BML application CF26012525BML; issued 2026-06-26; expires 2027-06-30; live snapshot 2026-08-25.
8140,exterior wall siding and sheathing,8140-2091:0104,sierra-pacific-industries,SIERRA PACIFIC INDUSTRIES (8140-2091:0104),sierra-pacific-industries-8140-2091-0104,,unknown,not stated in live BML description,https://calfire.govmotus.org/BMLSearch/Index,https://fireapproved.com/materials/sierra-pacific-industries-8140-2091-0104/,https://fireapproved.com/data/osfm-8140-exterior-wall-siding-and-sheathing/,BML application CF26012526BML; issued 2026-06-26; expires 2027-06-30; live snapshot 2026-08-25.
8140,exterior wall siding and sheathing,8140-2094:0100,unity-forest-products-inc,"Unity Forest Products, Inc. (8140-2094:0100)",unity-forest-products-inc,,unknown,not stated in live BML description,https://calfire.govmotus.org/BMLSearch/Index,https://fireapproved.com/materials/unity-forest-products-inc/,https://fireapproved.com/data/osfm-8140-exterior-wall-siding-and-sheathing/,BML application CF26012583BML; issued 2026-06-26; expires 2027-06-30; live snapshot 2026-08-25.
8140,exterior wall siding and sheathing,8140-2094:0101,unity-forest-products-inc,"Unity Forest Products, Inc. (8140-2094:0101)",unity-forest-products-inc-8140-2094-0101,,unknown,not stated in live BML description,https://calfire.govmotus.org/BMLSearch/Index,https://fireapproved.com/materials/unity-forest-products-inc-8140-2094-0101/,https://fireapproved.com/data/osfm-8140-exterior-wall-siding-and-sheathing/,BML application CF26012584BML; issued 2026-06-26; expires 2027-06-30; live snapshot 2026-08-25.
8140,exterior wall siding and sheathing,8140-2094:0102,unity-forest-products-inc,"Unity Forest Products, Inc. (8140-2094:0102)",unity-forest-products-inc-8140-2094-0102,,unknown,not stated in live BML description,https://calfire.govmotus.org/BMLSearch/Index,https://fireapproved.com/materials/unity-forest-products-inc-8140-2094-0102/,https://fireapproved.com/data/osfm-8140-exterior-wall-siding-and-sheathing/,BML application CF26012585BML; issued 2026-06-26; expires 2027-06-30; live snapshot 2026-08-25.
8140,exterior wall siding and sheathing,8140-2094:0104,unity-forest-products-inc,"Unity Forest Products, Inc. (8140-2094:0104)",unity-forest-products-inc-8140-2094-0104,,unknown,not stated in live BML description,https://calfire.govmotus.org/BMLSearch/Index,https://fireapproved.com/materials/unity-forest-products-inc-8140-2094-0104/,https://fireapproved.com/data/osfm-8140-exterior-wall-siding-and-sheathing/,BML application CF26012586BML; issued 2026-06-26; expires 2027-06-30; live snapshot 2026-08-25.
8140,exterior wall siding and sheathing,8140-2094:0105,unity-forest-products-inc,"Unity Forest Products, Inc. (8140-2094:0105)",unity-forest-products-inc-8140-2094-0105,,unknown,not stated in live BML description,https://calfire.govmotus.org/BMLSearch/Index,https://fireapproved.com/materials/unity-forest-products-inc-8140-2094-0105/,https://fireapproved.com/data/osfm-8140-exterior-wall-siding-and-sheathing/,BML application CF26012587BML; issued 2026-06-26; expires 2027-06-30; live snapshot 2026-08-25.
8140,exterior wall siding and sheathing,8140-2126:0100,blocks-and-cutstock,Blocks and Cutstock (8140-2126:0100),blocks-and-cutstock,,unknown,SFM 12-7A-1,https://calfire.govmotus.org/BMLSearch/Index,https://fireapproved.com/materials/blocks-and-cutstock/,https://fireapproved.com/data/osfm-8140-exterior-wall-siding-and-sheathing/,BML application CF26013784BML; issued 2026-07-01; expires 2027-06-30; live snapshot 2026-08-25.
8140,exterior wall siding and sheathing,8140-2134:0105,boral-composites-inc,"Boral TruExterior® Siding in profiles Channel Bevel, V-Rustic, Cove/Dutch",boral-composites-inc-boral-truexterior-siding-in-profiles-channel-bevel,,unknown,SFM 12-7A-1,https://calfire.govmotus.org/BMLSearch/Index,https://fireapproved.com/materials/boral-composites-inc-boral-truexterior-siding-in-profiles-channel-bevel/,https://fireapproved.com/data/osfm-8140-exterior-wall-siding-and-sheathing/,BML application CF26011649BML; issued 2026-05-28; expires 2027-06-30; live snapshot 2026-08-25.
8140,exterior wall siding and sheathing,8140-2135:0500,thermory-usa-llc,Thermory USA LLC (8140-2135:0500),thermory-usa-llc-8140-2135-0500,,unknown,SFM 12-7A-1,https://calfire.govmotus.org/BMLSearch/Index,https://fireapproved.com/materials/thermory-usa-llc-8140-2135-0500/,https://fireapproved.com/data/osfm-8140-exterior-wall-siding-and-sheathing/,BML application CF26004749BML; issued 2026-05-31; expires 2027-06-30; live snapshot 2026-08-25.
8140,exterior wall siding and sheathing,8140-2137:0500,swanson-group-mfg-llc,Swanson Group Mfg. LLC (8140-2137:0500),swanson-group-mfg-llc,,unknown,SFM 12-7A-1,https://calfire.govmotus.org/BMLSearch/Index,https://fireapproved.com/materials/swanson-group-mfg-llc/,https://fireapproved.com/data/osfm-8140-exterior-wall-siding-and-sheathing/,BML application CF26003556BML; issued 2026-05-31; expires 2027-06-30; live snapshot 2026-08-25.
8140,exterior wall siding and sheathing,8140-2137:0501,swanson-group-mfg-llc,Swanson Group Mfg. LLC (8140-2137:0501),swanson-group-mfg-llc-8140-2137-0501,,unknown,SFM 12-7A-1,https://calfire.govmotus.org/BMLSearch/Index,https://fireapproved.com/materials/swanson-group-mfg-llc-8140-2137-0501/,https://fireapproved.com/data/osfm-8140-exterior-wall-siding-and-sheathing/,BML application CF26003557BML; issued 2026-05-31; expires 2027-06-30; live snapshot 2026-08-25.
8140,exterior wall siding and sheathing,8140-2137:0502,swanson-group-mfg-llc,Swanson Group Mfg. LLC (8140-2137:0502),swanson-group-mfg-llc-8140-2137-0502,,unknown,SFM 12-7A-1,https://calfire.govmotus.org/BMLSearch/Index,https://fireapproved.com/materials/swanson-group-mfg-llc-8140-2137-0502/,https://fireapproved.com/data/osfm-8140-exterior-wall-siding-and-sheathing/,BML application CF26003558BML; issued 2026-05-31; expires 2027-06-30; live snapshot 2026-08-25.
8140,exterior wall siding and sheathing,8140-2138:0100,martco-plywood,Martco Plywood,martco-plywood,,unknown,SFM 12-7A-1,https://calfire.govmotus.org/BMLSearch/Index,https://fireapproved.com/materials/martco-plywood/,https://fireapproved.com/data/osfm-8140-exterior-wall-siding-and-sheathing/,BML application CF26013214BML; issued 2026-06-19; expires 2027-06-30; live snapshot 2026-08-25.
8140,exterior wall siding and sheathing,8140-2216:0502,dasso-xtr,EPC-SID18-137TG-PP Classic Espresso 1 x 7 siding shiplap fused bamboo using Eisen Sheathin,dasso-xtr-epc-sid18-137tg-pp-classic-espresso-1-x-7-siding-shiplap,,unknown,SFM 12-7A-1,https://calfire.govmotus.org/BMLSearch/Index,https://fireapproved.com/materials/dasso-xtr-epc-sid18-137tg-pp-classic-espresso-1-x-7-siding-shiplap/,https://fireapproved.com/data/osfm-8140-exterior-wall-siding-and-sheathing/,BML application CF26008689BML; issued 2026-05-31; expires 2027-06-30; live snapshot 2026-08-25.
8140,exterior wall siding and sheathing,8140-2216:0503,dasso-xtr,"XTR-SID18-137TG-PP, 3/4"" x 5-3/8"", Fused Bamboo® RainClad® Shiplap Siding",dasso-xtr-xtr-sid18-137tg-pp-3-4-x-5-3-8-fused-bamboo-rainclad-shiplap,,unknown,SFM 12-7A-1,https://calfire.govmotus.org/BMLSearch/Index,https://fireapproved.com/materials/dasso-xtr-xtr-sid18-137tg-pp-3-4-x-5-3-8-fused-bamboo-rainclad-shiplap/,https://fireapproved.com/data/osfm-8140-exterior-wall-siding-and-sheathing/,BML application CF26008527BML; issued 2026-05-31; expires 2027-06-30; live snapshot 2026-08-25.
8140,exterior wall siding and sheathing,8140-2234:0501,iti-chile,ITI Chile (8140-2234:0501),iti-chile,,unknown,SFM 12-7A-1,https://calfire.govmotus.org/BMLSearch/Index,https://fireapproved.com/materials/iti-chile/,https://fireapproved.com/data/osfm-8140-exterior-wall-siding-and-sheathing/,BML application CF26006229BML; issued 2026-05-31; expires 2027-06-30; live snapshot 2026-08-25.
8140,exterior wall siding and sheathing,8140-2234:0502,iti-chile,ITI Chile (8140-2234:0502),iti-chile-8140-2234-0502,,unknown,SFM 12-7A-1,https://calfire.govmotus.org/BMLSearch/Index,https://fireapproved.com/materials/iti-chile-8140-2234-0502/,https://fireapproved.com/data/osfm-8140-exterior-wall-siding-and-sheathing/,BML application CF26006230BML; issued 2026-05-31; expires 2027-06-30; live snapshot 2026-08-25.
8140,exterior wall siding and sheathing,8140-2246:0501,paneltek-products-ltd,Paneltek Engineered Cedar T&G external wall panel siding use in Wildland-Urban Interface A,paneltek-products-ltd-paneltek-engineered-cedar-t-g-external-wall-panel,,unknown,SFM 12-7A-1,https://calfire.govmotus.org/BMLSearch/Index,https://fireapproved.com/materials/paneltek-products-ltd-paneltek-engineered-cedar-t-g-external-wall-panel/,https://fireapproved.com/data/osfm-8140-exterior-wall-siding-and-sheathing/,BML application CF26002397BML; issued 2026-05-31; expires 2027-06-30; live snapshot 2026-08-25.
8140,exterior wall siding and sheathing,8140-2246:0502,paneltek-products-ltd,Paneltek 1-course Cedar Shingle Panel siding 5-3/8 in. or greater exposure,paneltek-products-ltd-paneltek-1-course-cedar-shingle-panel-siding-5-3,,unknown,SFM 12-7A-1,https://calfire.govmotus.org/BMLSearch/Index,https://fireapproved.com/materials/paneltek-products-ltd-paneltek-1-course-cedar-shingle-panel-siding-5-3/,https://fireapproved.com/data/osfm-8140-exterior-wall-siding-and-sheathing/,BML application CF26002398BML; issued 2026-05-31; expires 2027-06-30; live snapshot 2026-08-25.
8140,exterior wall siding and sheathing,8140-2272:0501,davinci-roofscapes-llc,"Davinci Roofscapes, LLC",davinci-roofscapes-llc,,unknown,SFM 12-7A-1,https://calfire.govmotus.org/BMLSearch/Index,https://fireapproved.com/materials/davinci-roofscapes-llc/,https://fireapproved.com/data/osfm-8140-exterior-wall-siding-and-sheathing/,BML application CF26011610BML; issued 2026-05-28; expires 2027-06-30; live snapshot 2026-08-25.
8140,exterior wall siding and sheathing,8140-2278:0504,moso-north-america-inc,"“MOSO Bamboo Thermo Siding"" boards are made of compressed thermally treated bamboo strips",moso-north-america-inc-moso-bamboo-thermo-siding-boards-are-made-of,,unknown,SFM 12-7A-1,https://calfire.govmotus.org/BMLSearch/Index,https://fireapproved.com/materials/moso-north-america-inc-moso-bamboo-thermo-siding-boards-are-made-of/,https://fireapproved.com/data/osfm-8140-exterior-wall-siding-and-sheathing/,BML application CF26013896BML; issued 2026-07-03; expires 2027-06-30; live snapshot 2026-08-25.
8140,exterior wall siding and sheathing,8140-2278:0505,moso-north-america-inc,MOSO Bamboo X-Treme compressed bamboo exterior wall siding and sheathing,moso-north-america-inc-moso-bamboo-x-treme-compressed-bamboo-exterior,,unknown,SFM 12-7A-1,https://calfire.govmotus.org/BMLSearch/Index,https://fireapproved.com/materials/moso-north-america-inc-moso-bamboo-x-treme-compressed-bamboo-exterior/,https://fireapproved.com/data/osfm-8140-exterior-wall-siding-and-sheathing/,BML application CF26013897BML; issued 2026-07-03; expires 2027-06-30; live snapshot 2026-08-25.
8140,exterior wall siding and sheathing,8140-2294:0500,defiance-forest-products,TT-205 T&G Cedar Siding - Nominal 1x6 and wider,defiance-forest-products-tt-205-t-g-cedar-siding-nominal-1x6-and-wider,,unknown,SFM 12-7A-1,https://calfire.govmotus.org/BMLSearch/Index,https://fireapproved.com/materials/defiance-forest-products-tt-205-t-g-cedar-siding-nominal-1x6-and-wider/,https://fireapproved.com/data/osfm-8140-exterior-wall-siding-and-sheathing/,BML application CF26007223BML; issued 2026-05-31; expires 2027-06-30; live snapshot 2026-08-25.
8140,exterior wall siding and sheathing,8140-2303:0500,hardel-mutual-plywood-corporation,Hardel Mutual Plywood Corporation,hardel-mutual-plywood-corporation,,unknown,SFM 12-7A-1,https://calfire.govmotus.org/BMLSearch/Index,https://fireapproved.com/materials/hardel-mutual-plywood-corporation/,https://fireapproved.com/data/osfm-8140-exterior-wall-siding-and-sheathing/,BML application CF26006552BML; issued 2026-05-31; expires 2027-06-30; live snapshot 2026-08-25.
8140,exterior wall siding and sheathing,8140-2308:0501,bingaman-son-lumber-inc,Thermally Modified Ash Americana and *Red *Oak Siding,bingaman-son-lumber-inc-thermally-modified-ash-americana-and-red-oak,,unknown,SFM 12-7A-1,https://calfire.govmotus.org/BMLSearch/Index,https://fireapproved.com/materials/bingaman-son-lumber-inc-thermally-modified-ash-americana-and-red-oak/,https://fireapproved.com/data/osfm-8140-exterior-wall-siding-and-sheathing/,BML application CF26003698BML; issued 2026-05-31; expires 2027-06-30; live snapshot 2026-08-25.
8140,exterior wall siding and sheathing,8140-2318:0500,urufor-s-a,"Solid Wood Red Grandis Tongue and Groove Siding, material nominal 1"" x 6"", 1"" x 8""",urufor-s-a-solid-wood-red-grandis-tongue-and-groove-siding-material,,unknown,SFM 12-7A-1,https://calfire.govmotus.org/BMLSearch/Index,https://fireapproved.com/materials/urufor-s-a-solid-wood-red-grandis-tongue-and-groove-siding-material/,https://fireapproved.com/data/osfm-8140-exterior-wall-siding-and-sheathing/,BML application CF26013598BML; issued 2026-07-03; expires 2027-06-30; live snapshot 2026-08-25.
8140,exterior wall siding and sheathing,8140-2339:0500,royal-building-products,"7"" Clapboard Celect Cellular PVC Siding",royal-building-products-7-clapboard-celect-cellular-pvc-siding,,unknown,SFM 12-7A-1,https://calfire.govmotus.org/BMLSearch/Index,https://fireapproved.com/materials/royal-building-products-7-clapboard-celect-cellular-pvc-siding/,https://fireapproved.com/data/osfm-8140-exterior-wall-siding-and-sheathing/,BML application CF26011650BML; issued 2026-05-28; expires 2027-06-30; live snapshot 2026-08-25.
8140,exterior wall siding and sheathing,8140-2339:0501,royal-building-products,"D4STD Market Square Double 4"" Vinyl with PVC Capstock Siding",royal-building-products-d4std-market-square-double-4-vinyl-with-pvc,,unknown,SFM 12-7A-1,https://calfire.govmotus.org/BMLSearch/Index,https://fireapproved.com/materials/royal-building-products-d4std-market-square-double-4-vinyl-with-pvc/,https://fireapproved.com/data/osfm-8140-exterior-wall-siding-and-sheathing/,BML application CF26011651BML; issued 2026-05-28; expires 2027-06-30; live snapshot 2026-08-25.
8140,exterior wall siding and sheathing,8140-2339:0502,royal-building-products,TMQ451P Oracle Quad 4,royal-building-products-tmq451p-oracle-quad-4,,unknown,SFM 12-7A-1,https://calfire.govmotus.org/BMLSearch/Index,https://fireapproved.com/materials/royal-building-products-tmq451p-oracle-quad-4/,https://fireapproved.com/data/osfm-8140-exterior-wall-siding-and-sheathing/,BML application CF26011652BML; issued 2026-05-28; expires 2027-06-30; live snapshot 2026-08-25.
8140,exterior wall siding and sheathing,8140-2343:0500,timber-products-company,Timber Products Company (8140-2343:0500),timber-products-company,,unknown,SFM 12-7A-1,https://calfire.govmotus.org/BMLSearch/Index,https://fireapproved.com/materials/timber-products-company/,https://fireapproved.com/data/osfm-8140-exterior-wall-siding-and-sheathing/,BML application CF26012648BML; issued 2026-06-26; expires 2027-06-30; live snapshot 2026-08-25.
8140,exterior wall siding and sheathing,8140-2343:0501,timber-products-company,Timber Products Company (8140-2343:0501),timber-products-company-8140-2343-0501,,unknown,SFM 12-7A-1,https://calfire.govmotus.org/BMLSearch/Index,https://fireapproved.com/materials/timber-products-company-8140-2343-0501/,https://fireapproved.com/data/osfm-8140-exterior-wall-siding-and-sheathing/,BML application CF26012649BML; issued 2026-06-26; expires 2027-06-30; live snapshot 2026-08-25.
8140,exterior wall siding and sheathing,8140-2343:0502,timber-products-company,Timber Products Company (8140-2343:0502),timber-products-company-8140-2343-0502,,unknown,SFM 12-7A-1,https://calfire.govmotus.org/BMLSearch/Index,https://fireapproved.com/materials/timber-products-company-8140-2343-0502/,https://fireapproved.com/data/osfm-8140-exterior-wall-siding-and-sheathing/,BML application CF26012650BML; issued 2026-06-26; expires 2027-06-30; live snapshot 2026-08-25.
8140,exterior wall siding and sheathing,8140-2343:0503,timber-products-company,Timber Products Company (8140-2343:0503),timber-products-company-8140-2343-0503,,unknown,SFM 12-7A-1,https://calfire.govmotus.org/BMLSearch/Index,https://fireapproved.com/materials/timber-products-company-8140-2343-0503/,https://fireapproved.com/data/osfm-8140-exterior-wall-siding-and-sheathing/,BML application CF26012651BML; issued 2026-06-26; expires 2027-06-30; live snapshot 2026-08-25.
8140,exterior wall siding and sheathing,8140-2359:0001,anenda-systems-inc,AL13® Plank System,anenda-systems-inc-al13-aluminum-plank-system,,unknown,ASTM E136,https://calfire.govmotus.org/BMLSearch/Index,https://fireapproved.com/materials/anenda-systems-inc-al13-aluminum-plank-system/,https://fireapproved.com/data/osfm-8140-exterior-wall-siding-and-sheathing/,BML application CF26012566BML; issued 2026-06-26; expires 2027-06-30; live snapshot 2026-08-25.
8140,exterior wall siding and sheathing,8140-2359:0002,anenda-systems-inc,AL13 FR B1 Aluminum Composite Panel,anenda-systems-inc-al13-fr-b1-aluminum-composite-panel,,unknown,ASTM E84 / UL 723,https://calfire.govmotus.org/BMLSearch/Index,https://fireapproved.com/materials/anenda-systems-inc-al13-fr-b1-aluminum-composite-panel/,https://fireapproved.com/data/osfm-8140-exterior-wall-siding-and-sheathing/,BML application CF26012567BML; issued 2026-06-26; expires 2027-06-30; live snapshot 2026-08-25.
8140,exterior wall siding and sheathing,8140-2359:0003,anenda-systems-inc,AL13 FR Aluminum Composite Panel,anenda-systems-inc-al13-fr-aluminum-composite-panel,,unknown,ASTM E84 / UL 723,https://calfire.govmotus.org/BMLSearch/Index,https://fireapproved.com/materials/anenda-systems-inc-al13-fr-aluminum-composite-panel/,https://fireapproved.com/data/osfm-8140-exterior-wall-siding-and-sheathing/,BML application CF26012568BML; issued 2026-06-26; expires 2027-06-30; live snapshot 2026-08-25.
8140,exterior wall siding and sheathing,8140-2361:0001,engage-building-products-inc,"P44V and P46V in 4"" and 6"" widths",engage-building-products-inc-p44v-and-p46v-in-4-and-6-widths,,unknown,SFM 12-7A-1,https://calfire.govmotus.org/BMLSearch/Index,https://fireapproved.com/materials/engage-building-products-inc-p44v-and-p46v-in-4-and-6-widths/,https://fireapproved.com/data/osfm-8140-exterior-wall-siding-and-sheathing/,BML application CF26011676BML; issued 2026-05-28; expires 2027-06-30; live snapshot 2026-08-25.
8140,exterior wall siding and sheathing,8140-2377:0003,nova-usa-wood-products,Thermo Ambara is a thermally modified Tongue and Groove Nickel Gap/Reverse siding product,nova-usa-wood-products-thermo-ambara,,unknown,not stated in live BML description,https://calfire.govmotus.org/BMLSearch/Index,https://fireapproved.com/materials/nova-usa-wood-products-thermo-ambara/,https://fireapproved.com/data/osfm-8140-exterior-wall-siding-and-sheathing/,BML application CF26011634BML; issued 2026-05-28; expires 2027-06-30; live snapshot 2026-08-25.
8140,exterior wall siding and sheathing,8140-2379:0002,the-millboard-company-ltd,"Millboard Envello, Board & Batten+, and Shadow Line+ siding board profiles are made of a r",the-millboard-company-ltd-millboard-envello-board-batten-and-shadow,,unknown,SFM 12-7A-1,https://calfire.govmotus.org/BMLSearch/Index,https://fireapproved.com/materials/the-millboard-company-ltd-millboard-envello-board-batten-and-shadow/,https://fireapproved.com/data/osfm-8140-exterior-wall-siding-and-sheathing/,BML application CF26013679BML; issued 2026-07-03; expires 2027-06-30; live snapshot 2026-08-25.
8140,exterior wall siding and sheathing,8140-2380:0001,canyon-lumber-company,Canyon Lumber Company (8140-2380:0001),canyon-lumber-company,,unknown,SFM 12-7A-1,https://calfire.govmotus.org/BMLSearch/Index,https://fireapproved.com/materials/canyon-lumber-company/,https://fireapproved.com/data/osfm-8140-exterior-wall-siding-and-sheathing/,BML application CF26008453BML; issued 2026-05-31; expires 2027-06-30; live snapshot 2026-08-25.
8140,exterior wall siding and sheathing,8140-2381:0001,chamclad,ChamClad® 6-inch rigid PVC wall-panel assembly,chamclad,,unknown,SFM 12-7A-1,https://calfire.govmotus.org/BMLSearch/Index,https://fireapproved.com/materials/chamclad/,https://fireapproved.com/data/osfm-8140-exterior-wall-siding-and-sheathing/,BML application CF26013405BML; issued 2026-06-25; expires 2027-06-30; live snapshot 2026-08-25.
8140,exterior wall siding and sheathing,8140-2385:0001,modern-mill-inc,"ACRE Shiplap Siding, brown color, tongue & groove, 1"" thick x 6"" wide",modern-mill-inc-acre-shiplap-siding-brown-color-tongue-groove-1-thick-x,,unknown,SFM 12-7A-1,https://calfire.govmotus.org/BMLSearch/Index,https://fireapproved.com/materials/modern-mill-inc-acre-shiplap-siding-brown-color-tongue-groove-1-thick-x/,https://fireapproved.com/data/osfm-8140-exterior-wall-siding-and-sheathing/,BML application CF26012331BML; issued 2026-06-03; expires 2027-06-30; live snapshot 2026-08-25.
8140,exterior wall siding and sheathing,8140-2392:0002,arbor-wood-co,"Thermally Modified Ash Siding Panels, tongue and groove siding sized nominally 0",arbor-wood-co-thermally-modified-ash-siding-panels-tongue-and-groove,,unknown,SFM 12-7A-1,https://calfire.govmotus.org/BMLSearch/Index,https://fireapproved.com/materials/arbor-wood-co-thermally-modified-ash-siding-panels-tongue-and-groove/,https://fireapproved.com/data/osfm-8140-exterior-wall-siding-and-sheathing/,BML application CF26013935BML; issued 2026-07-03; expires 2027-06-30; live snapshot 2026-08-25.
8140,exterior wall siding and sheathing,8140-2395:0001,stucco-supply-co-of-san-jose-inc,Superior Stucco Uniwall exterior wall and insulation stucco system,stucco-supply-co-of-san-jose-inc-superior-stucco-uniwall-exterior-wall,,unknown,SFM 12-7A-1,https://calfire.govmotus.org/BMLSearch/Index,https://fireapproved.com/materials/stucco-supply-co-of-san-jose-inc-superior-stucco-uniwall-exterior-wall/,https://fireapproved.com/data/osfm-8140-exterior-wall-siding-and-sheathing/,BML application CF26007784BML; issued 2026-05-31; expires 2027-06-30; live snapshot 2026-08-25.
8140,exterior wall siding and sheathing,8140-2421:0001,accsys-technologies-plc,Accoya tongue-and-groove and Color Grey acetylated-wood siding,accsys-technologies-plc-accoya-tongue-groove-exterior-wall-siding,,unknown,not stated in live BML description,https://calfire.govmotus.org/BMLSearch/Index,https://fireapproved.com/materials/accsys-technologies-plc-accoya-tongue-groove-exterior-wall-siding/,https://fireapproved.com/data/osfm-8140-exterior-wall-siding-and-sheathing/,BML application CF26007755BML; issued 2026-06-16; expires 2027-06-30; live snapshot 2026-08-25.
8140,exterior wall siding and sheathing,8140-2421:0002,accsys-technologies-plc,Accoya® (Color Grey) is an exterior wall siding made of Acetylated wood,accsys-technologies-plc-accoya,,unknown,not stated in live BML description,https://calfire.govmotus.org/BMLSearch/Index,https://fireapproved.com/materials/accsys-technologies-plc-accoya/,https://fireapproved.com/data/osfm-8140-exterior-wall-siding-and-sheathing/,BML application CF26004906BML; issued 2026-07-08; expires 2027-06-30; live snapshot 2026-08-25.
8140,exterior wall siding and sheathing,8140-2429:0001,capital-lumber-company,"""Endura Plus"" treated Radiata pine siding in ""V-Rustic"" or ""Nickel Gap"" shiplap profiles",capital-lumber-company-endura-plus-treated-radiata-pine-siding-in-v,,unknown,not stated in live BML description,https://calfire.govmotus.org/BMLSearch/Index,https://fireapproved.com/materials/capital-lumber-company-endura-plus-treated-radiata-pine-siding-in-v/,https://fireapproved.com/data/osfm-8140-exterior-wall-siding-and-sheathing/,BML application CF26011915BML; issued 2026-05-31; expires 2027-06-30; live snapshot 2026-08-25.
8140,exterior wall siding and sheathing,8140-2429:0003,capital-lumber-company,"""Endura Plus"" treated Radiata pine siding in ""Rabbeted Bevel"" profiles, nominally sized",capital-lumber-company-endura-plus-treated-radiata-pine-siding-in,,unknown,not stated in live BML description,https://calfire.govmotus.org/BMLSearch/Index,https://fireapproved.com/materials/capital-lumber-company-endura-plus-treated-radiata-pine-siding-in/,https://fireapproved.com/data/osfm-8140-exterior-wall-siding-and-sheathing/,BML application CF26011040BML; issued 2026-07-31; expires 2027-06-30; live snapshot 2026-08-25.
8140,exterior wall siding and sheathing,8140-2430:0001,longboard-architectural-products-inc,Longboard® 6-inch exterior aluminum siding,longboard-architectural-products-inc-model-longboard-exterior-aluminum,,unknown,not stated in live BML description,https://calfire.govmotus.org/BMLSearch/Index,https://fireapproved.com/materials/longboard-architectural-products-inc-model-longboard-exterior-aluminum/,https://fireapproved.com/data/osfm-8140-exterior-wall-siding-and-sheathing/,BML application CF26012527BML; issued 2026-06-26; expires 2027-06-30; live snapshot 2026-08-25.
8140,exterior wall siding and sheathing,8140-2440:0001,lunawood-llc,"""Nordic"" thermally modified wood cladding in tongue and groove profile",lunawood-llc-nordic-thermally-modified-wood-cladding-in-tongue-and,,unknown,not stated in live BML description,https://calfire.govmotus.org/BMLSearch/Index,https://fireapproved.com/materials/lunawood-llc-nordic-thermally-modified-wood-cladding-in-tongue-and/,https://fireapproved.com/data/osfm-8140-exterior-wall-siding-and-sheathing/,BML application CF26013840BML; issued 2026-08-19; expires 2027-06-30; live snapshot 2026-08-25.
8150,exterior door,8150-2017:0001,plastpro-inc,Plastpro 3′6″ × 8′ Rustic and Mahogany WUI entry door,plastpro-inc-plastpro-s-fiberglass-door-with-foam-core,,unknown,SFM 12-7A-1,https://calfire.govmotus.org/BMLSearch/Index,https://fireapproved.com/materials/plastpro-inc-plastpro-s-fiberglass-door-with-foam-core/,https://fireapproved.com/data/osfm-8150-exterior-door/,BML application CF26013466BML; issued 2026-06-25; expires 2027-06-30; live snapshot 2026-08-25.
8150,exterior door,8150-2017:0005,plastpro-inc,Plastpro’s fiberglass door with foam core (8150-2017:0005),plastpro-inc-plastpro-s-fiberglass-door-with-foam-core-8150-2017-0005,,unknown,not stated in live BML description,https://calfire.govmotus.org/BMLSearch/Index,https://fireapproved.com/materials/plastpro-inc-plastpro-s-fiberglass-door-with-foam-core-8150-2017-0005/,https://fireapproved.com/data/osfm-8150-exterior-door/,BML application CF26013467BML; issued 2026-06-25; expires 2027-06-30; live snapshot 2026-08-25.
8150,exterior door,8150-2017:0007,plastpro-inc,Plastpro’s fiberglass door with foam core (8150-2017:0007),plastpro-inc-plastpro-s-fiberglass-door-with-foam-core-8150-2017-0007,,unknown,not stated in live BML description,https://calfire.govmotus.org/BMLSearch/Index,https://fireapproved.com/materials/plastpro-inc-plastpro-s-fiberglass-door-with-foam-core-8150-2017-0007/,https://fireapproved.com/data/osfm-8150-exterior-door/,BML application CF26013468BML; issued 2026-06-25; expires 2027-06-30; live snapshot 2026-08-25.
8150,exterior door,8150-2017:0009,plastpro-inc,"Plastpro, Inc. (8150-2017:0009)",plastpro-inc,,unknown,not stated in live BML description,https://calfire.govmotus.org/BMLSearch/Index,https://fireapproved.com/materials/plastpro-inc/,https://fireapproved.com/data/osfm-8150-exterior-door/,BML application CF26013469BML; issued 2026-06-25; expires 2027-06-30; live snapshot 2026-08-25.
8150,exterior door,8150-2017:0010,plastpro-inc,"Plastpro, Inc. (8150-2017:0010)",plastpro-inc-8150-2017-0010,,unknown,not stated in live BML description,https://calfire.govmotus.org/BMLSearch/Index,https://fireapproved.com/materials/plastpro-inc-8150-2017-0010/,https://fireapproved.com/data/osfm-8150-exterior-door/,BML application CF26013470BML; issued 2026-06-25; expires 2027-06-30; live snapshot 2026-08-25.
8150,exterior door,8150-2038:0001,carriage-house-door-company,CARRIAGE HOUSE DOOR COMPANY (8150-2038:0001),carriage-house-door-company,,unknown,not stated in live BML description,https://calfire.govmotus.org/BMLSearch/Index,https://fireapproved.com/materials/carriage-house-door-company/,https://fireapproved.com/data/osfm-8150-exterior-door/,BML application CF26004709BML; issued 2026-03-19; expires 2027-06-30; live snapshot 2026-08-25.
8150,exterior door,8150-2038:0002,carriage-house-door-company,CARRIAGE HOUSE DOOR COMPANY (8150-2038:0002),carriage-house-door-company-8150-2038-0002,,unknown,not stated in live BML description,https://calfire.govmotus.org/BMLSearch/Index,https://fireapproved.com/materials/carriage-house-door-company-8150-2038-0002/,https://fireapproved.com/data/osfm-8150-exterior-door/,BML application CF26004710BML; issued 2026-03-19; expires 2027-06-30; live snapshot 2026-08-25.
8150,exterior door,8150-2038:0003,carriage-house-door-company,CARRIAGE HOUSE DOOR COMPANY (8150-2038:0003),carriage-house-door-company-8150-2038-0003,,unknown,not stated in live BML description,https://calfire.govmotus.org/BMLSearch/Index,https://fireapproved.com/materials/carriage-house-door-company-8150-2038-0003/,https://fireapproved.com/data/osfm-8150-exterior-door/,BML application CF26004711BML; issued 2026-03-19; expires 2027-06-30; live snapshot 2026-08-25.
8150,exterior door,8150-2038:0004,carriage-house-door-company,CARRIAGE HOUSE DOOR COMPANY (8150-2038:0004),carriage-house-door-company-8150-2038-0004,,unknown,not stated in live BML description,https://calfire.govmotus.org/BMLSearch/Index,https://fireapproved.com/materials/carriage-house-door-company-8150-2038-0004/,https://fireapproved.com/data/osfm-8150-exterior-door/,BML application CF26004712BML; issued 2026-03-19; expires 2027-06-30; live snapshot 2026-08-25.
8150,exterior door,8150-2038:0005,carriage-house-door-company,CARRIAGE HOUSE DOOR COMPANY (8150-2038:0005),carriage-house-door-company-8150-2038-0005,,unknown,not stated in live BML description,https://calfire.govmotus.org/BMLSearch/Index,https://fireapproved.com/materials/carriage-house-door-company-8150-2038-0005/,https://fireapproved.com/data/osfm-8150-exterior-door/,BML application CF26004713BML; issued 2026-03-19; expires 2027-06-30; live snapshot 2026-08-25.
8150,exterior door,8150-2038:0006,carriage-house-door-company,CARRIAGE HOUSE DOOR COMPANY (8150-2038:0006),carriage-house-door-company-8150-2038-0006,,unknown,not stated in live BML description,https://calfire.govmotus.org/BMLSearch/Index,https://fireapproved.com/materials/carriage-house-door-company-8150-2038-0006/,https://fireapproved.com/data/osfm-8150-exterior-door/,BML application CF26004714BML; issued 2026-03-19; expires 2027-06-30; live snapshot 2026-08-25.
8150,exterior door,8150-2038:0007,carriage-house-door-company,CARRIAGE HOUSE DOOR COMPANY (8150-2038:0007),carriage-house-door-company-8150-2038-0007,,unknown,not stated in live BML description,https://calfire.govmotus.org/BMLSearch/Index,https://fireapproved.com/materials/carriage-house-door-company-8150-2038-0007/,https://fireapproved.com/data/osfm-8150-exterior-door/,BML application CF26004715BML; issued 2026-03-19; expires 2027-06-30; live snapshot 2026-08-25.
8150,exterior door,8150-2038:0008,carriage-house-door-company,CARRIAGE HOUSE DOOR COMPANY (8150-2038:0008),carriage-house-door-company-8150-2038-0008,,unknown,not stated in live BML description,https://calfire.govmotus.org/BMLSearch/Index,https://fireapproved.com/materials/carriage-house-door-company-8150-2038-0008/,https://fireapproved.com/data/osfm-8150-exterior-door/,BML application CF26004716BML; issued 2026-03-19; expires 2027-06-30; live snapshot 2026-08-25.
8150,exterior door,8150-2038:0009,carriage-house-door-company,CARRIAGE HOUSE DOOR COMPANY (8150-2038:0009),carriage-house-door-company-8150-2038-0009,,unknown,not stated in live BML description,https://calfire.govmotus.org/BMLSearch/Index,https://fireapproved.com/materials/carriage-house-door-company-8150-2038-0009/,https://fireapproved.com/data/osfm-8150-exterior-door/,BML application CF26004717BML; issued 2026-03-19; expires 2027-06-30; live snapshot 2026-08-25.
8150,exterior door,8150-2038:0010,carriage-house-door-company,CARRIAGE HOUSE DOOR COMPANY (8150-2038:0010),carriage-house-door-company-8150-2038-0010,,unknown,not stated in live BML description,https://calfire.govmotus.org/BMLSearch/Index,https://fireapproved.com/materials/carriage-house-door-company-8150-2038-0010/,https://fireapproved.com/data/osfm-8150-exterior-door/,BML application CF26004718BML; issued 2026-03-19; expires 2027-06-30; live snapshot 2026-08-25.
8150,exterior door,8150-2038:0011,carriage-house-door-company,Carriage House custom steel WUI garage door,carriage-house-door-company-carriage-house-door-companypo,,unknown,SFM 12-7A-1,https://calfire.govmotus.org/BMLSearch/Index,https://fireapproved.com/materials/carriage-house-door-company-carriage-house-door-companypo/,https://fireapproved.com/data/osfm-8150-exterior-door/,BML application CF26004719BML; issued 2026-03-19; expires 2027-06-30; live snapshot 2026-08-25.
8150,exterior door,8150-2055:0500,ranch-house-doors-inc,Ranch House Doors WUI Garage Door Base,ranch-house-doors-inc-ranch-house-doors-wui-garage-door-base,,unknown,SFM 12-7A-1,https://calfire.govmotus.org/BMLSearch/Index,https://fireapproved.com/materials/ranch-house-doors-inc-ranch-house-doors-wui-garage-door-base/,https://fireapproved.com/data/osfm-8150-exterior-door/,BML application CF26011564BML; issued 2026-05-28; expires 2027-06-30; live snapshot 2026-08-25.
8150,exterior door,8150-2120:0101,riviera-bronze-manufacturing,Riviera Bronze metal-glazed WUI door assembly,riviera-bronze-manufacturing-8150-2120-0101,,unknown,not stated in live BML description,https://calfire.govmotus.org/BMLSearch/Index,https://fireapproved.com/materials/riviera-bronze-manufacturing-8150-2120-0101/,https://fireapproved.com/data/osfm-8150-exterior-door/,BML application CF26002066BML; issued 2026-03-22; expires 2027-06-30; live snapshot 2026-08-25.
8160,horizontal projection underside,8160-2022:0006,bodyguard-wood-products,BODYGUARD WOOD PRODUCTS (8160-2022:0006),bodyguard-wood-products-8160-2022-0006,,unknown,not stated in live BML description,https://calfire.govmotus.org/BMLSearch/Index,https://fireapproved.com/materials/bodyguard-wood-products-8160-2022-0006/,https://fireapproved.com/data/osfm-8160-horizontal-projection-underside/,BML application CF26012798BML; issued 2026-06-26; expires 2027-06-30; live snapshot 2026-08-25.
8160,horizontal projection underside,8160-2022:0007,bodyguard-wood-products,BODYGUARD WOOD PRODUCTS (8160-2022:0007),bodyguard-wood-products-8160-2022-0007,,unknown,not stated in live BML description,https://calfire.govmotus.org/BMLSearch/Index,https://fireapproved.com/materials/bodyguard-wood-products-8160-2022-0007/,https://fireapproved.com/data/osfm-8160-horizontal-projection-underside/,BML application CF26012799BML; issued 2026-06-26; expires 2027-06-30; live snapshot 2026-08-25.
8160,horizontal projection underside,8160-2022:0008,bodyguard-wood-products,BODYGUARD WOOD PRODUCTS (8160-2022:0008),bodyguard-wood-products-8160-2022-0008,,unknown,not stated in live BML description,https://calfire.govmotus.org/BMLSearch/Index,https://fireapproved.com/materials/bodyguard-wood-products-8160-2022-0008/,https://fireapproved.com/data/osfm-8160-horizontal-projection-underside/,BML application CF26012800BML; issued 2026-06-26; expires 2027-06-30; live snapshot 2026-08-25.
8160,horizontal projection underside,8160-2026:0006,james-hardie-building-products-inc,"“CemSoffit®” un-vented, fiber-cement soffit, 3/16” thick and ¼” thick, under eave material",james-hardie-building-products-inc-cemsoffit-un-vented-fiber-cement,,unknown,not stated in live BML description,https://calfire.govmotus.org/BMLSearch/Index,https://fireapproved.com/materials/james-hardie-building-products-inc-cemsoffit-un-vented-fiber-cement/,https://fireapproved.com/data/osfm-8160-horizontal-projection-underside/,BML application CF26013275BML; issued 2026-06-19; expires 2027-06-30; live snapshot 2026-08-25.
8160,horizontal projection underside,8160-2026:0007,james-hardie-building-products-inc,Hardie® Soffit non-vented fiber-cement panels,james-hardie-building-products-inc-hardiesoffit-un-vented-fiber-cement,,unknown,not stated in live BML description,https://calfire.govmotus.org/BMLSearch/Index,https://fireapproved.com/materials/james-hardie-building-products-inc-hardiesoffit-un-vented-fiber-cement/,https://fireapproved.com/data/osfm-8160-horizontal-projection-underside/,BML application CF26013276BML; issued 2026-06-19; expires 2027-06-30; live snapshot 2026-08-25.
8160,horizontal projection underside,8160-2027:0007,louisiana-pacific-corporation,LP® FlameBlock® 15/32 sheathing eave assembly,louisiana-pacific-corporation-8160-2027-0007,,unknown,not stated in live BML description,https://calfire.govmotus.org/BMLSearch/Index,https://fireapproved.com/materials/louisiana-pacific-corporation-8160-2027-0007/,https://fireapproved.com/data/osfm-8160-horizontal-projection-underside/,BML application CF26013950BML; issued 2026-07-03; expires 2027-06-30; live snapshot 2026-08-25.
8160,horizontal projection underside,8160-2032:0004,shakertown,Shakertown Dolly Varden tongue-and-groove cedar siding and soffit panels,shakertown-8160-2032-0004,,unknown,SFM 12-7A-3,https://calfire.govmotus.org/BMLSearch/Index,https://fireapproved.com/materials/shakertown-8160-2032-0004/,https://fireapproved.com/data/osfm-8160-horizontal-projection-underside/,BML application CF26012734BML; issued 2026-06-26; expires 2027-06-30; live snapshot 2026-08-25.
8160,horizontal projection underside,8160-2064:0026,nusku-partners-llc,Nusku Partners LLC (8160-2064:0026),nusku-partners-llc-8160-2064-0026,,unknown,SFM 12-7A-3,https://calfire.govmotus.org/BMLSearch/Index,https://fireapproved.com/materials/nusku-partners-llc-8160-2064-0026/,https://fireapproved.com/data/osfm-8160-horizontal-projection-underside/,BML application CF26006952BML; issued 2026-05-31; expires 2027-06-30; live snapshot 2026-08-25.
8160,horizontal projection underside,8160-2064:0502,nusku-partners-llc,Nusku Partners LLC (8160-2064:0502),nusku-partners-llc-8160-2064-0502,,unknown,SFM 12-7A-3,https://calfire.govmotus.org/BMLSearch/Index,https://fireapproved.com/materials/nusku-partners-llc-8160-2064-0502/,https://fireapproved.com/data/osfm-8160-horizontal-projection-underside/,BML application CF26006953BML; issued 2026-05-31; expires 2027-06-30; live snapshot 2026-08-25.
8160,horizontal projection underside,8160-2064:0504,nusku-partners-llc,Nusku Partners LLC (8160-2064:0504),nusku-partners-llc-8160-2064-0504,,unknown,SFM 12-7A-3,https://calfire.govmotus.org/BMLSearch/Index,https://fireapproved.com/materials/nusku-partners-llc-8160-2064-0504/,https://fireapproved.com/data/osfm-8160-horizontal-projection-underside/,BML application CF26006954BML; issued 2026-05-31; expires 2027-06-30; live snapshot 2026-08-25.
8160,horizontal projection underside,8160-2126:0101,blocks-and-cutstock-s-a,"Advantage Plus treated Radiata pine in 1"" x 6"" V-Rustic Shiplap (Pattern 793)",blocks-and-cutstock-s-a-advantage-plus-treated-radiata-pine-in-1-x-6-v,,unknown,SFM 12-7A-3,https://calfire.govmotus.org/BMLSearch/Index,https://fireapproved.com/materials/blocks-and-cutstock-s-a-advantage-plus-treated-radiata-pine-in-1-x-6-v/,https://fireapproved.com/data/osfm-8160-horizontal-projection-underside/,BML application CF26013785BML; issued 2026-07-01; expires 2027-06-30; live snapshot 2026-08-25.
8160,horizontal projection underside,8160-2134:0101,boral-composites-inc,"Boral TruExterior® Trim 5/8"" to 1-1/2 "" thick and widths ranging from 1-1/2"" to *15 1/2"" a",boral-composites-inc-boral-truexterior-trim-5-8-to-1-1-2-thick-and,,unknown,SFM 12-7A-3,https://calfire.govmotus.org/BMLSearch/Index,https://fireapproved.com/materials/boral-composites-inc-boral-truexterior-trim-5-8-to-1-1-2-thick-and/,https://fireapproved.com/data/osfm-8160-horizontal-projection-underside/,BML application CF26011653BML; issued 2026-05-28; expires 2027-06-30; live snapshot 2026-08-25.
8160,horizontal projection underside,8160-2134:0106,boral-composites-inc,TruExterior® Beadboard soffit and porch-ceiling panels,boral-composites-inc-boral-truexterior-beadboard-0-625-actual-thickness,,unknown,SFM 12-7A-3,https://calfire.govmotus.org/BMLSearch/Index,https://fireapproved.com/materials/boral-composites-inc-boral-truexterior-beadboard-0-625-actual-thickness/,https://fireapproved.com/data/osfm-8160-horizontal-projection-underside/,BML application CF26011654BML; issued 2026-05-28; expires 2027-06-30; live snapshot 2026-08-25.
8160,horizontal projection underside,8160-2234:0500,iti-chile,ITI Chile (8160-2234:0500),iti-chile-8160-2234-0500,,unknown,SFM 12-7A-3,https://calfire.govmotus.org/BMLSearch/Index,https://fireapproved.com/materials/iti-chile-8160-2234-0500/,https://fireapproved.com/data/osfm-8160-horizontal-projection-underside/,BML application CF26006231BML; issued 2026-05-31; expires 2027-06-30; live snapshot 2026-08-25.
8160,horizontal projection underside,8160-2246:0500,paneltek-products-ltd,Paneltek Engineered Cedar external soffit for external use in Wildland-Urban Interface Are,paneltek-products-ltd-paneltek-engineered-cedar-external-soffit-for,,unknown,SFM 12-7A-3,https://calfire.govmotus.org/BMLSearch/Index,https://fireapproved.com/materials/paneltek-products-ltd-paneltek-engineered-cedar-external-soffit-for/,https://fireapproved.com/data/osfm-8160-horizontal-projection-underside/,BML application CF26002399BML; issued 2026-05-31; expires 2027-06-30; live snapshot 2026-08-25.
8160,horizontal projection underside,8160-2294:0501,defiance-forest-products,TT-205 T&G Cedar Siding - Nominal 1x6 and wider over 1/2 gypsum board,defiance-forest-products-tt-205-t-g-cedar-siding-nominal-1x6-and-wider-tt-205,,unknown,SFM 12-7A-3,https://calfire.govmotus.org/BMLSearch/Index,https://fireapproved.com/materials/defiance-forest-products-tt-205-t-g-cedar-siding-nominal-1x6-and-wider-tt-205/,https://fireapproved.com/data/osfm-8160-horizontal-projection-underside/,BML application CF26007224BML; issued 2026-05-31; expires 2027-06-30; live snapshot 2026-08-25.
8160,horizontal projection underside,8160-2380:0002,canyon-lumber-company,Canyon Lumber Company (8160-2380:0002),canyon-lumber-company-8160-2380-0002,,unknown,SFM 12-7A-3,https://calfire.govmotus.org/BMLSearch/Index,https://fireapproved.com/materials/canyon-lumber-company-8160-2380-0002/,https://fireapproved.com/data/osfm-8160-horizontal-projection-underside/,BML application CF26008454BML; issued 2026-05-31; expires 2027-06-30; live snapshot 2026-08-25.
8160,horizontal projection underside,8160-2380:0003,canyon-lumber-company,Canyon Lumber Company (8160-2380:0003),canyon-lumber-company-8160-2380-0003,,unknown,SFM 12-7A-3,https://calfire.govmotus.org/BMLSearch/Index,https://fireapproved.com/materials/canyon-lumber-company-8160-2380-0003/,https://fireapproved.com/data/osfm-8160-horizontal-projection-underside/,BML application CF26008455BML; issued 2026-05-31; expires 2027-06-30; live snapshot 2026-08-25.
8160,horizontal projection underside,8160-2429:0002,capital-lumber-company,"""Endura Plus"" treated Radiata pine soffit siding in ""V-Rustic"" or ""Nickel Gap"" shiplap pro",capital-lumber-company-endura-plus-treated-radiata-pine-soffit-siding,,unknown,not stated in live BML description,https://calfire.govmotus.org/BMLSearch/Index,https://fireapproved.com/materials/capital-lumber-company-endura-plus-treated-radiata-pine-soffit-siding/,https://fireapproved.com/data/osfm-8160-horizontal-projection-underside/,BML application CF26011916BML; issued 2026-05-31; expires 2027-06-30; live snapshot 2026-08-25.
8165,vents,8165-2192:0500,vulcan,"VER2, VER2M, VER3, VER3M, VER4, VER4M, and VER6M Vulcan Eave Round Vents",vulcan-ver2-ver2m-ver3-ver3m-ver4-ver4m-and-ver6m-vulcan-eave-round,,undereave,ASTM E2886,https://calfire.govmotus.org/BMLSearch/Index,https://fireapproved.com/materials/vulcan-ver2-ver2m-ver3-ver3m-ver4-ver4m-and-ver6m-vulcan-eave-round/,https://fireapproved.com/data/osfm-8165-vents/,BML application CF26008883BML; issued 2026-05-31; expires 2027-06-30; live snapshot 2026-08-25.
8165,vents,8165-2192:0501,vulcan,"VSC75120 (0.75""x120""), VSC15120 (1.5""x120""), VSC1120 (1""x120""), VSC2120 (2""x120"")",vulcan-vsc75120-vsc15120-vsc1120-vsc2120,,unknown,ASTM E2886,https://calfire.govmotus.org/BMLSearch/Index,https://fireapproved.com/materials/vulcan-vsc75120-vsc15120-vsc1120-vsc2120/,https://fireapproved.com/data/osfm-8165-vents/,BML application CF26008884BML; issued 2026-05-31; expires 2027-06-30; live snapshot 2026-08-25.
8165,vents,8165-2192:0502,vulcan,"VFS414 (3.5""x14""), VFS614 (5.5""x14""), VFS814 (7.5""x14""), VFS422 (3.5""x22"")",vulcan-vfs414-vfs614-vfs814-vfs422,,foundation,ASTM E2886,https://calfire.govmotus.org/BMLSearch/Index,https://fireapproved.com/materials/vulcan-vfs414-vfs614-vfs814-vfs422/,https://fireapproved.com/data/osfm-8165-vents/,BML application CF26008885BML; issued 2026-05-31; expires 2027-06-30; live snapshot 2026-08-25.
8165,vents,8165-2192:0503,vulcan,"VG148 (8""x14""), VG1412 (14""x12""), VG1418 (14""x18""), and VG1424 (14""x24"") Gable Vent",vulcan-gable-vent,,gable,ASTM E2886,https://calfire.govmotus.org/BMLSearch/Index,https://fireapproved.com/materials/vulcan-gable-vent/,https://fireapproved.com/data/osfm-8165-vents/,BML application CF26008886BML; issued 2026-05-31; expires 2027-06-30; live snapshot 2026-08-25.
8165,vents,8165-2214:0500,embers-out-llc,"EOSF1220N9-1S (12""x2""), EOSF1350N32-1S (13.5""x5""), EOSF1355N35-1S (13.5""x5.5"")",embers-out-llc-eosf1220n9-1s-eosf1350n32-1s-eosf1355n35-1s,,unknown,ASTM E2886,https://calfire.govmotus.org/BMLSearch/Index,https://fireapproved.com/materials/embers-out-llc-eosf1220n9-1s-eosf1350n32-1s-eosf1355n35-1s/,https://fireapproved.com/data/osfm-8165-vents/,BML application CF26010479BML; issued 2026-05-31; expires 2027-06-30; live snapshot 2026-08-25.
8165,vents,8165-2232:0500,brandguard-vents,"UE3011 (22”x3.5”), UE3021 (14”x3.5”), UE3031 (14”x5”), UE3041 (22”x3”)",brandguard-vents-ue3011-ue3021-ue3031-ue3041,,soffit,ASTM E2886,https://calfire.govmotus.org/BMLSearch/Index,https://fireapproved.com/materials/brandguard-vents-ue3011-ue3021-ue3031-ue3041/,https://fireapproved.com/data/osfm-8165-vents/,BML application CF26007118BML; issued 2026-05-31; expires 2027-06-30; live snapshot 2026-08-25.
8165,vents,8165-2232:0501,brandguard,FP2011 Fire Plug Vent,brandguard-gable-vent,,undereave,ASTM E2886,https://calfire.govmotus.org/BMLSearch/Index,https://fireapproved.com/materials/brandguard-gable-vent/,https://fireapproved.com/data/osfm-8165-vents/,BML application CF26007119BML; issued 2026-05-31; expires 2027-06-30; live snapshot 2026-08-25.
8165,vents,8165-2232:0502,brandguard-vents,"UE2011 (22""x3.5""), UE2021 (14""x3.5""), UE2031 (14""x5""), UE2041 (22""x3"")",brandguard-vents-ue2011-ue2021-ue2031-ue2041,,soffit,ASTM E2886,https://calfire.govmotus.org/BMLSearch/Index,https://fireapproved.com/materials/brandguard-vents-ue2011-ue2021-ue2031-ue2041/,https://fireapproved.com/data/osfm-8165-vents/,BML application CF26007120BML; issued 2026-05-31; expires 2027-06-30; live snapshot 2026-08-25.
8165,vents,8165-2353:0001,o-hagin,"F&IV01000 (4""x19""), F&IV02000 (5""x19""), F&IV03000 (6""x19""), F&IV04000 (7""x19""), F&IV05000",o-hagin-f-iv01000-f-iv02000-f-iv03000-f-iv04000-f-iv05000,,foundation,ASTM E2886,https://calfire.govmotus.org/BMLSearch/Index,https://fireapproved.com/materials/o-hagin-f-iv01000-f-iv02000-f-iv03000-f-iv04000-f-iv05000/,https://fireapproved.com/data/osfm-8165-vents/,BML application CF26003629BML; issued 2026-05-31; expires 2027-06-30; live snapshot 2026-08-25.
8165,vents,8165-2363:0001,able-sheet-metal,"Multi-Guard Fire Resistant Gable Louver Vent (13.75"" x 12"")",able-sheet-metal-multi-guard-fire-resistant-gable-louver-vent,,gable,ASTM E2886,https://calfire.govmotus.org/BMLSearch/Index,https://fireapproved.com/materials/able-sheet-metal-multi-guard-fire-resistant-gable-louver-vent/,https://fireapproved.com/data/osfm-8165-vents/,BML application CF26008835BML; issued 2026-05-31; expires 2027-06-30; live snapshot 2026-08-25.
8165,vents,8165-2363:0002,able-sheet-metal,Able Multi-Guard intumescent soffit vents,able-sheet-metal-mgv-style-soffit-vents-4500-mgv16-4620-mgv16,,soffit,ASTM E2886,https://calfire.govmotus.org/BMLSearch/Index,https://fireapproved.com/materials/able-sheet-metal-mgv-style-soffit-vents-4500-mgv16-4620-mgv16/,https://fireapproved.com/data/osfm-8165-vents/,BML application CF26005824BML; issued 2026-05-31; expires 2027-06-30; live snapshot 2026-08-25.
8165,vents,8165-2363:0003,able-sheet-metal,"Model MGV Style Louver Vents: 5420-1206-MGV (12"" × 6), 5420-1208-MGV (12"" × 8"")",able-sheet-metal-model-mgv-style-louver-vents-5420-1206-mgv-5420-1208,,unknown,not stated in live BML description,https://calfire.govmotus.org/BMLSearch/Index,https://fireapproved.com/materials/able-sheet-metal-model-mgv-style-louver-vents-5420-1206-mgv-5420-1208/,https://fireapproved.com/data/osfm-8165-vents/,BML application CF26014062BML; issued 2026-08-11; expires 2027-06-30; live snapshot 2026-08-25.
8165,vents,8165-2394:0001,brand-x-metals-inc,"CF 75-V-425/17 (4.25""x17""), 75-V-425/8 (4.25""x96""), 75-V-425/10 (4.25""x120"")",brand-x-metals-inc-cf-75-v-425-17-75-v-425-8-75-v-425-10,,soffit,ASTM E2886,https://calfire.govmotus.org/BMLSearch/Index,https://fireapproved.com/materials/brand-x-metals-inc-cf-75-v-425-17-75-v-425-8-75-v-425-10/,https://fireapproved.com/data/osfm-8165-vents/,BML application CF26011282BML; issued 2026-05-31; expires 2027-06-30; live snapshot 2026-08-25.
8165,vents,8165-2397:0001,bushfire-mitigation-solutions-wildfire-defense-mesh,Wildfire Defense Vent Screen — WDM 98 OSFM BML configuration,bushfire-mitigation-solutions-wildfire-defense-mesh-wildfire-defense,,unknown,ASTM E2886,https://calfire.govmotus.org/BMLSearch/Index,https://fireapproved.com/materials/bushfire-mitigation-solutions-wildfire-defense-mesh-wildfire-defense/,https://fireapproved.com/data/osfm-8165-vents/,BML application CF26013845BML; issued 2026-07-03; expires 2027-06-30; live snapshot 2026-08-25.
8165,vents,8165-2426:0001,new-cal-metals-inc-dba-firestorm-building-products,FireStorm® V2™ listed vent families,new-cal-metals-inc-dba-firestorm-building-products-model-series-fsvg,,unknown,not stated in live BML description,https://calfire.govmotus.org/BMLSearch/Index,https://fireapproved.com/materials/new-cal-metals-inc-dba-firestorm-building-products-model-series-fsvg/,https://fireapproved.com/data/osfm-8165-vents/,BML application CF26012833BML; issued 2026-06-26; expires 2027-06-30; live snapshot 2026-08-25.
8170,ignition resistant materials,8170-2029:0005,nichiha-usa-inc,Nichiha Architectural Wall Panels (AWP),nichiha-usa-inc-awp-panels-17-7-8-wide-by-5-8-minimum-thickness-fiber,,unknown,ASTM E84 / UL 723,https://calfire.govmotus.org/BMLSearch/Index,https://fireapproved.com/materials/nichiha-usa-inc-awp-panels-17-7-8-wide-by-5-8-minimum-thickness-fiber/,https://fireapproved.com/data/osfm-8170-ignition-resistant-materials/,BML application CF26003071BML; issued 2026-05-31; expires 2027-06-30; live snapshot 2026-08-25.
8170,ignition resistant materials,8170-2029:0006,nichiha-usa-inc,"Sierra/Savannah Lap Siding, 1/2"" thick fiber cement boards",nichiha-usa-inc-sierra-savannah-lap-siding-1-2-thick-fiber-cement-boards,,unknown,ASTM E84 / UL 723,https://calfire.govmotus.org/BMLSearch/Index,https://fireapproved.com/materials/nichiha-usa-inc-sierra-savannah-lap-siding-1-2-thick-fiber-cement-boards/,https://fireapproved.com/data/osfm-8170-ignition-resistant-materials/,BML application CF26003072BML; issued 2026-05-31; expires 2027-06-30; live snapshot 2026-08-25.
8170,ignition resistant materials,8170-2042:0504,azek-building-products,Azek Building Products (8170-2042:0504),azek-building-products-8170-2042-0504,,unknown,ASTM E84 / UL 723,https://calfire.govmotus.org/BMLSearch/Index,https://fireapproved.com/materials/azek-building-products-8170-2042-0504/,https://fireapproved.com/data/osfm-8170-ignition-resistant-materials/,BML application CF26007953BML; issued 2026-05-31; expires 2027-06-30; live snapshot 2026-08-25.
8170,ignition resistant materials,8170-2180:0501,plycem-usa,Plycem USA (8170-2180:0501),plycem-usa,,unknown,ASTM E84 / UL 723,https://calfire.govmotus.org/BMLSearch/Index,https://fireapproved.com/materials/plycem-usa/,https://fireapproved.com/data/osfm-8170-ignition-resistant-materials/,BML application CF26013530BML; issued 2026-06-26; expires 2027-06-30; live snapshot 2026-08-25.
8170,ignition resistant materials,8170-2180:0502,plycem-usa,Plycem USA (8170-2180:0502),plycem-usa-8170-2180-0502,,unknown,ASTM E84 / UL 723,https://calfire.govmotus.org/BMLSearch/Index,https://fireapproved.com/materials/plycem-usa-8170-2180-0502/,https://fireapproved.com/data/osfm-8170-ignition-resistant-materials/,BML application CF26013531BML; issued 2026-06-26; expires 2027-06-30; live snapshot 2026-08-25.
8170,ignition resistant materials,8170-2180:0503,plycem-usa,Plycem USA (8170-2180:0503),plycem-usa-8170-2180-0503,,unknown,ASTM E84 / UL 723,https://calfire.govmotus.org/BMLSearch/Index,https://fireapproved.com/materials/plycem-usa-8170-2180-0503/,https://fireapproved.com/data/osfm-8170-ignition-resistant-materials/,BML application CF26013532BML; issued 2026-06-26; expires 2027-06-30; live snapshot 2026-08-25.
8170,ignition resistant materials,8170-2358:0001,mac-metal-architectural-inc,MAC Metal steel siding and vented soffit profiles,mac-metal-architectural-inc-steel-siding-or-vented-soffit,,unknown,ASTM E84 / UL 723,https://calfire.govmotus.org/BMLSearch/Index,https://fireapproved.com/materials/mac-metal-architectural-inc-steel-siding-or-vented-soffit/,https://fireapproved.com/data/osfm-8170-ignition-resistant-materials/,BML application CF26014040BML; issued 2026-07-12; expires 2027-06-30; live snapshot 2026-08-25.
8170,ignition resistant materials,8170-2399:0001,trulog-siding,TruLog Siding,trulog-siding,,unknown,ASTM E84 / UL 723,https://calfire.govmotus.org/BMLSearch/Index,https://fireapproved.com/materials/trulog-siding/,https://fireapproved.com/data/osfm-8170-ignition-resistant-materials/,BML application CF26002068BML; issued 2026-05-31; expires 2027-06-30; live snapshot 2026-08-25.
8170,ignition resistant materials,8170-2425:0001,ddp-specialty-electronic-materials-us-llc,DuPont™ ArmorWall™ Plus structural insulated sheathing,ddp-specialty-electronic-materials-us-llc-duponttm-armorwalltm-plus,,unknown,not stated in live BML description,https://calfire.govmotus.org/BMLSearch/Index,https://fireapproved.com/materials/ddp-specialty-electronic-materials-us-llc-duponttm-armorwalltm-plus/,https://fireapproved.com/data/osfm-8170-ignition-resistant-materials/,BML application CF26014109BML; issued 2026-07-17; expires 2027-06-30; live snapshot 2026-08-25.
8170,ignition resistant materials,8170-2435:0001,woodsyn-llc,WoodSyn OptimBoard™ wood-wool cement sheathing,woodsyn-llc-optimboardtm,,unknown,not stated in live BML description,https://calfire.govmotus.org/BMLSearch/Index,https://fireapproved.com/materials/woodsyn-llc-optimboardtm/,https://fireapproved.com/data/osfm-8170-ignition-resistant-materials/,BML application CF25020661BML; issued 2026-07-01; expires 2027-06-30; live snapshot 2026-08-25.
8175,noncombustible materials,8175-2405:0001,clicklad,Clicklad Closed-Gap aluminum cladding system,clicklad-aluminum-siding,,unknown,ASTM E136,https://calfire.govmotus.org/BMLSearch/Index,https://fireapproved.com/materials/clicklad-aluminum-siding/,https://fireapproved.com/data/osfm-8175-noncombustible-materials/,BML application CF26011673BML; issued 2026-06-19; expires 2027-06-30; live snapshot 2026-08-25.
8175,noncombustible materials,8175-2436:0001,vicwest-inc,Vicwest G90 galvanized and AZ50 Galvalume steel siding,vicwest-inc-vicwest-g90-galvanized-or-az50-galvalume-steel-siding,,unknown,not stated in live BML description,https://calfire.govmotus.org/BMLSearch/Index,https://fireapproved.com/materials/vicwest-inc-vicwest-g90-galvanized-or-az50-galvalume-steel-siding/,https://fireapproved.com/data/osfm-8175-noncombustible-materials/,BML application CF26011318BML; issued 2026-07-09; expires 2027-06-30; live snapshot 2026-08-25.
8180,non wood roof covering assemblies,8180-2272:0500,westlake-davinci-roofscapes-llc,DaVinci® composite shake and slate roof assembly,westlake-davinci-roofscapes-llc,,unknown,ASTM E108 / UL 790,https://calfire.govmotus.org/BMLSearch/Index,https://fireapproved.com/materials/westlake-davinci-roofscapes-llc/,https://fireapproved.com/data/osfm-8180-non-wood-roof-covering-assemblies/,BML application CF26011611BML; issued 2026-05-28; expires 2027-06-30; live snapshot 2026-08-25.
8180,non wood roof covering assemblies,8180-2283:0501,international-insulation-products,SOL-R-SKIN Class A thermal roof underlayment assemblies,international-insulation-products-sol-r-skin-roofing-insulation,,unknown,not stated in live BML description,https://calfire.govmotus.org/BMLSearch/Index,https://fireapproved.com/materials/international-insulation-products-sol-r-skin-roofing-insulation/,https://fireapproved.com/data/osfm-8180-non-wood-roof-covering-assemblies/,BML application CF26006553BML; issued 2026-04-04; expires 2027-06-30; live snapshot 2026-08-25.
8180,non wood roof covering assemblies,8180-2283:0502,international-insulation-products,SOL-R-SKIN roofing insulation is an insulation product used as an underlayment in a roof a (8180-2283:0502),international-insulation-products-sol-r-skin-roofing-insulation-8180-2283-0502,,unknown,not stated in live BML description,https://calfire.govmotus.org/BMLSearch/Index,https://fireapproved.com/materials/international-insulation-products-sol-r-skin-roofing-insulation-8180-2283-0502/,https://fireapproved.com/data/osfm-8180-non-wood-roof-covering-assemblies/,BML application CF26006554BML; issued 2026-04-04; expires 2027-06-30; live snapshot 2026-08-25.
8180,non wood roof covering assemblies,8180-2299:0500,metal-sales-manufacturing-corporation,Metal Sales Manufacturing Corporation (8180-2299:0500),metal-sales-manufacturing-corporation,,unknown,ASTM E108 / UL 790,https://calfire.govmotus.org/BMLSearch/Index,https://fireapproved.com/materials/metal-sales-manufacturing-corporation/,https://fireapproved.com/data/osfm-8180-non-wood-roof-covering-assemblies/,BML application CF26010683BML; issued 2026-05-31; expires 2027-06-30; live snapshot 2026-08-25.
8180,non wood roof covering assemblies,8180-2299:0501,metal-sales-manufacturing-corporation,Metal Sales Manufacturing Corporation (8180-2299:0501),metal-sales-manufacturing-corporation-8180-2299-0501,,unknown,ASTM E108 / UL 790,https://calfire.govmotus.org/BMLSearch/Index,https://fireapproved.com/materials/metal-sales-manufacturing-corporation-8180-2299-0501/,https://fireapproved.com/data/osfm-8180-non-wood-roof-covering-assemblies/,BML application CF26010684BML; issued 2026-05-31; expires 2027-06-30; live snapshot 2026-08-25.
8180,non wood roof covering assemblies,8180-2305:0503,polyglass-usa-inc,Polystick XFR self-adhering modified bitumen single ply waterproofing underlayment,polyglass-usa-inc-polystick-xfr-self-adhering-modified-bitumen-single,,unknown,ASTM E108 / UL 790,https://calfire.govmotus.org/BMLSearch/Index,https://fireapproved.com/materials/polyglass-usa-inc-polystick-xfr-self-adhering-modified-bitumen-single/,https://fireapproved.com/data/osfm-8180-non-wood-roof-covering-assemblies/,BML application CF26003652BML; issued 2026-03-21; expires 2027-06-30; live snapshot 2026-08-25.
8180,non wood roof covering assemblies,8180-2305:0504,polyglass-usa-inc,PolyAnchor XFR mechanically fastened reinforced modified bitumen anchor membrane underlaym,polyglass-usa-inc-polyanchor-xfr-mechanically-fastened-reinforced,,unknown,ASTM E108 / UL 790,https://calfire.govmotus.org/BMLSearch/Index,https://fireapproved.com/materials/polyglass-usa-inc-polyanchor-xfr-mechanically-fastened-reinforced/,https://fireapproved.com/data/osfm-8180-non-wood-roof-covering-assemblies/,BML application CF26003653BML; issued 2026-03-21; expires 2027-06-30; live snapshot 2026-08-25.
8180,non wood roof covering assemblies,8180-2305:0505,polyglass-usa-inc,"Elastoflex SA P FR, Polyflex SA P FR, Elastobase V, Elastoflex SA V FR",polyglass-usa-inc-elastoflex-sa-p-fr-polyflex-sa-p-fr-elastobase-v,,unknown,ASTM E108 / UL 790,https://calfire.govmotus.org/BMLSearch/Index,https://fireapproved.com/materials/polyglass-usa-inc-elastoflex-sa-p-fr-polyflex-sa-p-fr-elastobase-v/,https://fireapproved.com/data/osfm-8180-non-wood-roof-covering-assemblies/,BML application CF26003654BML; issued 2026-03-21; expires 2027-06-30; live snapshot 2026-08-25.
8180,non wood roof covering assemblies,8180-2364:0001,soprema-inc,Lastobond Smooth Seal HT FR self-adhering SBS modified bitumen underlayment,soprema-inc-lastobond-smooth-seal-ht-fr-self-adhering-sbs-modified,,unknown,ASTM E108 / UL 790,https://calfire.govmotus.org/BMLSearch/Index,https://fireapproved.com/materials/soprema-inc-lastobond-smooth-seal-ht-fr-self-adhering-sbs-modified/,https://fireapproved.com/data/osfm-8180-non-wood-roof-covering-assemblies/,BML application CF26012746BML; issued 2026-06-26; expires 2027-06-30; live snapshot 2026-08-25.
8180,non wood roof covering assemblies,8180-2370:0001,liquiform-technologies-inc,Weatherweld Asphalt Emulsion a cold-applied protective coating that resists moisture intru,liquiform-technologies-inc-weatherweld-asphalt-emulsion-a-cold-applied,,unknown,ASTM E108 / UL 790,https://calfire.govmotus.org/BMLSearch/Index,https://fireapproved.com/materials/liquiform-technologies-inc-weatherweld-asphalt-emulsion-a-cold-applied/,https://fireapproved.com/data/osfm-8180-non-wood-roof-covering-assemblies/,BML application CF26013353BML; issued 2026-06-25; expires 2027-06-30; live snapshot 2026-08-25.
8180,non wood roof covering assemblies,8180-2372:0001,owens-corning-roofing-and-asphalt-llc,Owens Corning® Titanium® FR self-adhered roof underlayment,owens-corning-roofing-and-asphalt-llc,,unknown,ASTM E108 / UL 790,https://calfire.govmotus.org/BMLSearch/Index,https://fireapproved.com/materials/owens-corning-roofing-and-asphalt-llc/,https://fireapproved.com/data/osfm-8180-non-wood-roof-covering-assemblies/,BML application CF26008084BML; issued 2026-05-31; expires 2027-06-30; live snapshot 2026-08-25.
8180,non wood roof covering assemblies,8180-2403:0001,skyline-building-systems-usa-inc,Dec-Tec™ Professional Line Classic and CoolStep PVC roof membranes,skyline-building-systems-usa-inc-dec-tectm-professional-line-pvc,,unknown,ASTM E108 / UL 790,https://calfire.govmotus.org/BMLSearch/Index,https://fireapproved.com/materials/skyline-building-systems-usa-inc-dec-tectm-professional-line-pvc/,https://fireapproved.com/data/osfm-8180-non-wood-roof-covering-assemblies/,BML application CF26013659BML; issued 2026-07-03; expires 2027-06-30; live snapshot 2026-08-25.
8180,non wood roof covering assemblies,8180-2413:0001,cooley-inc,"Cooley ""C3 Plus"" is a single ply commercial roofing membrane",cooley-inc-cooley-c3-plus,,unknown,not stated in live BML description,https://calfire.govmotus.org/BMLSearch/Index,https://fireapproved.com/materials/cooley-inc-cooley-c3-plus/,https://fireapproved.com/data/osfm-8180-non-wood-roof-covering-assemblies/,BML application CF26011557BML; issued 2026-05-28; expires 2027-06-30; live snapshot 2026-08-25.
8180,non wood roof covering assemblies,8180-2415:0001,westlake-royal-roofing-llc,"Westlake Newpoint Barcelona 900, Villa 900, and Saxony 900 concrete roof tiles",westlake-royal-roofing-llc-barcelona-900-saxony-900,,unknown,ASTM E108 / UL 790,https://calfire.govmotus.org/BMLSearch/Index,https://fireapproved.com/materials/westlake-royal-roofing-llc-barcelona-900-saxony-900/,https://fireapproved.com/data/osfm-8180-non-wood-roof-covering-assemblies/,BML application CF26007107BML; issued 2026-05-31; expires 2027-06-30; live snapshot 2026-08-25.
8180,non wood roof covering assemblies,8180-2415:0002,westlake-royal-roofing-llc,"Westlake Unified Steel Barrel-Vault, Pine-Crest, and Pacific stone-coated roofing",westlake-royal-roofing-llc-unified-steeltm-stone-coated-roofing-models,,unknown,not stated in live BML description,https://calfire.govmotus.org/BMLSearch/Index,https://fireapproved.com/materials/westlake-royal-roofing-llc-unified-steeltm-stone-coated-roofing-models/,https://fireapproved.com/data/osfm-8180-non-wood-roof-covering-assemblies/,BML application CF26005147BML; issued 2026-07-29; expires 2027-06-30; live snapshot 2026-08-25.
8180,non wood roof covering assemblies,8180-2433:0001,mfm-building-products,Model Ultra HT Wind & Water Seal® is a nominal 45-mil thick,mfm-building-products-model-ultra-ht-wind-water-seal,,unknown,not stated in live BML description,https://calfire.govmotus.org/BMLSearch/Index,https://fireapproved.com/materials/mfm-building-products-model-ultra-ht-wind-water-seal/,https://fireapproved.com/data/osfm-8180-non-wood-roof-covering-assemblies/,BML application CF26012084BML; issued 2026-06-01; expires 2027-06-30; live snapshot 2026-08-25.
8180,non wood roof covering assemblies,8180-2437:0001,master-roofing-solutions-llc,Uniguard Premium UL30 underlayment,master-roofing-solutions-llc-uniguard-premium-ul30-underlayment,,unknown,not stated in live BML description,https://calfire.govmotus.org/BMLSearch/Index,https://fireapproved.com/materials/master-roofing-solutions-llc-uniguard-premium-ul30-underlayment/,https://fireapproved.com/data/osfm-8180-non-wood-roof-covering-assemblies/,BML application CF26002029BML; issued 2026-07-15; expires 2027-06-30; live snapshot 2026-08-25.
