slug,name,publisher,url,region,tier,evidenceKind,lineage,editions,canonicalUrl,scaleNotes,notes
ak-dof-fire-resistant-vegetation-2005,Protect Your Home from Wildfire — Fire Resistant Vegetation and Landscaping,"Alaska Department of Natural Resources, Division of Forestry, Community Forestry Program",https://forestry.alaska.gov/Assets/pdfs/community/publications/05FireResistVeg.pdf,Alaska,,expert-curated,unknown,original brochure 2005-04,https://fireapproved.com/plants/source/ak-dof-fire-resistant-vegetation-2005/,The 56 printed taxa in the source's Alaska firewise-landscape examples map to recommend with its placement-and-maintenance condition. Four genus examples under Characteristics of plants that ignite and burn readily map to avoid. Accepted-name reconciliation collapses the 60 entries to 58 evidence owners.,"All printed scientific identities were retained at their printed rank. Source spelling damage and obsolete combinations were reconciled only through explicit corrections and exact GBIF matches; source spellings remain in the parser and evidence claims. The taxon-free ""Ferns, native and non-native"" row was held. The guide gives no test method or citations, so tier remains unset and lineage unknown. The current official 74,657-byte download was reopened on 2026-08-26. Official PDF SHA-256: 68afb4eedbffab6e049e7c771326c1e9bd7a4f071ab2a754d256178b0fc7755e."
al-afc-firewise-woodland-homes-2001,Firewise Landscaping for Woodland Homes,Alabama Forestry Commission,https://web.archive.org/web/20020913055904/http://www.forestry.state.al.us/publication/FIREWISE_LANDSCAPING_FOR_WOODLAND_HOMES.pdf,Alabama,2,compiled,firewise-national,AFC-FP-04 (printed 1999; recovered PDF metadata 2002-02-25) 1999,https://fireapproved.com/plants/source/al-afc-firewise-woodland-homes-2001/,"The booklet separates suggested trees, shrubs, and groundcovers from four fire-prone plants to avoid within 30 feet of the house. Suggested rows map to recommend and the explicit avoid rows map to avoid.","The five-page Alabama Forestry Commission PDF was recovered from its 2002-09-13 Wayback capture after disappearing from the live site in 2003. The final printed page carries the Alabama Forestry Commission imprint, publication code AFC-FP-04, and year 1999; the PDF metadata is dated 2002-02-25. Thirty-one printed occurrences resolve to 27 exact GBIF owners; the repeated Acer genus row is represented once. Three rows are held rather than broadened: one schema-inexpressible form and two named cultivars. Printed errors corrected transparently for matching are Celtis occidentallis -> Celtis occidentalis, Llex -> Ilex, and Magnolia stellara -> Magnolia stellata. PDF SHA-256: 760c681c6083d0ff6342ff2d4aacd5015b76005fee8358c9ac25979a51f5c74f."
anaheim-2018,Recommended Acceptable Fire Resistive Plant Species,Anaheim Fire & Rescue,https://www.anaheim.net/DocumentCenter/View/26964/Fire-Resistive-Plant-Species,SoCal,2,compiled,ca-agency-tree,2018 2018-02-06,https://fireapproved.com/plants/source/anaheim-2018/,Binary acceptable list.,"Derives from older State of California agency lists (the CA agency tree rooted in the LA Arboretum program). Southern California climate context; corroborates flammability claims, never regional suitability for the PNW."
apsvic,Fire Resistant and Retardant Plants,Australian Plants Society Victoria (Neil Marriott),https://apsvic.org.au/fire-resistant-and-retardant-plants/,"Victoria, Australia",1,field-trial,apsvic,2026 2026,https://fireapproved.com/plants/source/apsvic/,"Two classes: fire-resistant (52 plants that will not burn in the face of continued flame) and fire-retardant (92 plants that resist the first wave of a bushfire but may burn once dried out). Both classes map to recommend, with the class preserved verbatim on each row.","Member-experience curation from burnt properties plus a foliage flare-up test — closer to field observation than list-copying, and independent of the CFA lineage. Carries the Sweet Pittosporum delisting: previously fire-retardant, now noted as highly flammable once dried, agreeing with Tasmania's X-coded row."
ashland-best-practices,Best Practices for Fire Resistant Landscaping,City of Ashland,https://ashlandoregon.gov/919/Best-Practices-for-Fire-Resistant-Landsc,OR,2,regulatory,pnw590-tree,,https://fireapproved.com/plants/source/ashland-best-practices/,"Recommendations defer to PNW 590; the prohibited-species list (AMC 9.04.022, adopted by resolution) is original regulatory content with legal force.",Prohibited list rows are adoption/regulatory evidence; recommendation rows are PNW 590-derivative.
ashland-prohibited,Prohibited Flammable Plants (Ashland Municipal Code 9.04),"City of Ashland, Oregon (Fire & Rescue / Weed Abatement)",https://ashlandoregon.gov/323/Prohibited-Flammable-Plants,"Ashland, Oregon",1,regulatory,pnw590-tree,2025 2025,https://fireapproved.com/plants/source/ashland-prohibited/,"A municipal prohibition list: the named trees, shrubs, and grasses may not be newly planted or allowed to propagate within 30 feet of any structure (AMC 9.04), with canopy- and shrub-spacing standards under AMC 18.3.10.100. Verdict map: prohibited = avoid. Starred taxa may receive dwarf or prostrate-variety exceptions only with fire department approval, placement beyond five feet, and ordinance-compliant spacing.","Regulatory evidence, not a flammability measurement — an adopted ordinance that corroborates avoid verdicts. Assigned to the pnw590 tree conservatively: an Oregon ordinance in the PNW-guidance sphere has not been demonstrated independent of that lineage, and independence must be shown, never assumed and matters directly to the Oregon audience. Mostly genus-level rows (all pines, all junipers, all cedars), which attach to genus records and leave species-level lab evidence undisturbed. The source's historical Rosmarinus spp. row is held rather than projected onto the much broader modern Salvia genus."
bardon-2005,Firewise Landscaping in North Carolina (E05-44596),"NC State University / NC Cooperative Extension + USFWS (Bardon, Van Druten)",https://sunsetbeachnc.gov/vertical/sites/%7BC59DF5BC-1B90-44CB-AD2A-9DAE0D811CD0%7D/uploads/firewise-landscaping-in-north-carolina.pdf,NC,1,expert-curated,nc-tree,2005 2005-07,https://fireapproved.com/plants/source/bardon-2005/,"Four-tier flammability rating (Low / Medium / High / Extreme) for ~200 North Carolina natives, by growth form with habitat columns. Verdict map: Low = recommend, Medium = mixed, High and Extreme = avoid.","The root of all NC ratings, including (near-certainly) the Plant Toolbox, whose signature four-value scale this document originated. National Fire Plan funded. Agency copy retired; town mirrors persist."
batista-2013-green-barriers-gtr245,Evaluation of the flammability of trees and shrubs used in green barriers in southern Brazil,"USDA Forest Service (Batista, Biondi, Tetto et al.; Universidade Federal do Paraná)",https://research.fs.usda.gov/download/treesearch/44525.pdf,"Curitiba, Paraná, Brazil",1,lab-tested,ufpr-cortinas-tree,2013 2013,https://fireapproved.com/plants/source/batista-2013-green-barriers-gtr245/,The paper applies Valette's 0-5 epiradiator flammability scale to live leaves and thin branches. Verdict map: 0-1 (non/low flammability) = recommend; 2-3 (moderately flammable/flammable) = mixed; 4-5 (highly/extremely flammable) = avoid.,"Complete English full text and Table 2 are publicly hosted by the USDA Forest Service. All five exact species are represented. Batista, Biondi, Tetto, and Kovalsyki recur in the UFPR green-barrier program, so this and its Brazilian companion papers share one ufpr-cortinas-tree vote. Use of Valette's method alone does not merge this new dataset with Valette's INRA lineage."
batista-biondi-2009-ligustrum,Flammability evaluation of Ligustrum lucidum for potential use in fuelbreaks,Revista Brasileira de Ciências Agrárias (Batista & Biondi; UFPR),http://www.agraria.pro.br/ojs32/index.php/RBCA/article/download/v4i4a11/1234,"Curitiba, Paraná, Brazil",1,field-trial,ufpr-cortinas-tree,2009 2009-12-31,https://fireapproved.com/plants/source/batista-biondi-2009-ligustrum/,"Verdicts follow the authors' explicit interpretation of replicated 1 m2 burn plots: Ligustrum lucidum = low flammability/recommend; Pinus taeda = high-flammability control/avoid. Rate of spread, flame height, and fire intensity remain in the evidence claims rather than being remapped.","The complete CC-BY full text and result tables are publicly available. Both exact measured taxa are represented. Batista's UFPR laboratory, method program, and later-paper authorship connect this experiment to the ufpr-cortinas-tree, so it enriches that lineage without adding a vote."
behm-2004-florida-understory,Flammability of native understory species in pine flatwood and hardwood hammock ecosystems,"International Journal of Wildland Fire (Behm, Duryea, Long, Zipperer)",https://www.researchgate.net/publication/228547525_Flammability_of_native_understory_species_in_pine_flatwood_and_hardwood_hammock_ecosystems_and_implications_for_the_wildland-urban_interface,north-central Florida,1,lab-tested,ufifas-srs-tree,2004 2004-11-16,https://fireapproved.com/plants/source/behm-2004-florida-understory/,"The paper rejects a single composite flammability index and instead names four taxa as the most flammable, one as the least flammable, and describes wax myrtle's measured characteristics as moderate. Verdict map: the named most-flammable group = avoid; the named least-flammable taxon = recommend; every other measured taxon = mixed. No threshold or score is inferred.","Species-level fuel structure, biomass, moisture, volatile-solids, and energy measurements for ten unique taxa sampled as twelve ecosystem-by-species groups. The author-uploaded article is publicly readable in full. Behm, Long, and Zipperer overlap the later Long 2006 whole-plant study, so both papers remain one ufifas-srs-tree lineage vote."
canberra-plant-selector,Canberra Plant Selector — fire-retardant attribute,ACT Government / Everyday Climate Choices,https://plantselector.com.au/browse-plants/?fire_retardant%5B0%5D=1,"Australian Capital Territory, Australia",2,compiled,act-fire-retardant-plants-canberra,live tool capture 2026-08-25,https://fireapproved.com/plants/source/canberra-plant-selector/,The public selector exposes a Fire Retardant Yes/No filter and repeats the selected attribute on each result card. Only Yes rows map to recommend. No is absence of the positive selector attribute and is not converted to an avoid verdict.,"The live 2026-08-25 tool reports 259 total plants and 131 Fire Retardant: Yes plants, replacing the registry's stale estimate of 342. All 22 filtered result pages were captured at one request per second. Named cultivars were collapsed only where the printed label also states a species; genus-only hybrid/cultivar labels, two authorless homonyms, an unrepresentable subspecies row, and a variety collapsed by GBIF were held. Of 131 printed Yes rows, 122 exact GBIF owners are represented (72 existing records enriched and 50 records created); nine rows are retained in the ledger as held."
cflo-2023-caatinga-fire-behavior,Comportamento do fogo em espécies nativas da Caatinga na região geográfica imediata de Patos-PB,"Ciência Florestal, Universidade Federal de Santa Maria",https://periodicos.ufsm.br/cienciaflorestal/article/view/73573,"Caatinga around Patos, Paraíba, Brazil",1,field-trial,ufcg-patos-caatinga-tree,"Ciência Florestal 33(3), e73573 2023-10-24",https://fireapproved.com/plants/source/cflo-2023-caatinga-fire-behavior/,"Ten species were compared in three replicated outdoor 1 m² burns. Tables 6-9 report ignition attempts/time, flame height, combustibility index, spread rate, fire intensity, and severity. Only Cnidoscolus quercifolius and Aristida adscensionis receive explicit overall flammability conclusions.","Leaves and branches no more than 0.7 cm in diameter were air-dried for 30 days; each treatment used 9 kg of fuel. Cnidoscolus quercifolius did not sustain flame spread, so it is absent from the later metric tables and its fire intensity is described as zero. PDF SHA-256: e982b13fcd9d796607f66d7b1cec059e2bcd8ac621296b1506612f4c67579c75."
colorado-8-ccr-1206-2-v10787,Colorado Noxious Weed Act Rules (8 CCR 1206-2),Colorado Department of Agriculture and Colorado Secretary of State,https://www.sos.state.co.us/CCR/GenerateRulePdf.do?fileName=8+CCR+1206-2&ruleVersionId=10787,Colorado,,regulatory-list,colorado-8-ccr-1206-2,,https://fireapproved.com/plants/source/colorado-8-ccr-1206-2-v10787/,List A is a statewide eradication designation. List B is statewide listed with management objectives that can vary by county or rule plan. List C supports local integrated management and education.,"The official current rules portal identifies immutable ruleVersionId 10787, including the amendment effective 2023-05-15 and later management provisions. The snapshot is text-extractable and is parsed only within asserted section boundaries with exact expected counts. The source states no reusable upstream license; derived FireApproved rows remain CC BY 4.0."
corbett-safer-gardens-2021,Safer Gardens: Plant Flammability & Planning for Fire,Lesley Corbett / Australian Scholarly Publishing,https://www.firesafergardens.com/,Global compilation (published in Australia),2,compiled,meta-aggregator,2021 book / public web sample 2021,https://fireapproved.com/plants/source/corbett-safer-gardens-2021/,"The book synthesizes low, moderate, and high plant flammability findings, preserving conflicts among primary studies. The public 56-page sample omits Chapter 10's Plant Flammability Table. Only explicit taxon-level findings in the public sample and author website were admitted: low = recommend, high = avoid, and conditional or seasonally conflicting findings = mixed.","Eleven exact public findings were ingested. The website publishes a 500-plus plant name index, but names alone are not ratings and were not converted to evidence. The omitted full table remains a documented access gap. Captures: home HTML SHA-256 796bcc99d5ba13c5ab969be6d2d166740fd1099c48cf262105a31f19114daabf; plants-page HTML SHA-256 55f04e58431bc64e98e5e96825cbdbb30acd7b07f029879df8ab32dcf4c3c04e; public sample PDF SHA-256 581815b6ffd6a18c89ff33bdb55e296d3c98261060709810d003efcdc7304334."
csiro-bushfire-best-practice-landscaping,Bushfire Best Practice Guide — Landscaping,CSIRO,https://research.csiro.au/bushfire/landscaping/,Australia,2,compiled,csiro-building-survival,2021 web guide 2021-06-22,https://fireapproved.com/plants/source/csiro-bushfire-best-practice-landscaping/,"The guide is almost entirely design-, maintenance-, and trait-based. Its one explicit taxon-level suitability statement names Grevillea at genus rank; that statement maps to recommend. Generic advice to choose low-flammability species was not converted into taxon evidence.","One exact GBIF genus owner was created from the shrubs-page image caption. The landing page and all 12 landscaping child pages were captured and read; the remaining pages name plant forms and materials, not taxa. Main-page HTML SHA-256 f95ab0ddf5ec4b174c79476a91556cb6acb350a3be968cbaf771808aa1dea28c; shrubs-page HTML SHA-256 4831b0e8cc874f3108f1969a31c2eb38fddcae0bcd2b1ee356aa6136e539c4c5."
csu-6305,Ignition-Resistant Landscape Plants (Fact Sheet 6.305),Colorado State University Extension / Colorado State Forest Service (Wildfire Mitigation Series),https://csfs.colostate.edu/wp-content/uploads/2025/08/CSFS_CSU-Ext_Fact-Sheets_IRLP_2025_081825-2_web_accessible.pdf,Colorado / Rocky Mountain Front Range,1,field-trial,idaho-tree,2025 2025-07; 2010 2010,https://fireapproved.com/plants/source/csu-6305/,"114 ignition-resistant plants scored 7.5-10 on the 0-10 ignitability scale, with the fact sheet's own doctrine that only plants scoring 8, 9, or 10 belong in defensible-space zones 1 and 2. Verdict map: 8-10 = recommend, 7.5 = mixed (below the source's own zone-1-2 bar). The sheet credits ""the Idaho materials"" as the basis of the scoring, so rows whose scores duplicate the Idaho Firewise master database resolve to that root.","The 2025 revision replaces the unscored FireWise Plant Materials lists of the 2001-2010 editions (Wayback captures archived for edition-diffing). A recommend-side list only; it condemns nothing. Exact replay audited 2026-08-25: all 114 rows resolve to existing GBIF owners, using nine documented exact corrections. Seventy-eight score-identical rows resolve to Idaho via original; 36 rows remain CSU-original. The hardened parser creates no records and every row carries full table placement and lineage. The live official 911,932-byte PDF exactly matched the pinned input on 2026-08-26; SHA-256: 212a02e650522f10b3b15a38d313217985274baaede43bc83d0249081cedd235."
dehane-2017-cork-oak-companions,Flammability of some companion species in cork oak forests,"Annals of Forest Science (Dehane, Hernando, Guijarro & Madrigal)",https://hal.science/hal-02976554/document,"Tlemcen Mountains, western Algeria",1,lab-tested,inia-madrid-tree,2017 2017-08-04,https://fireapproved.com/plants/source/dehane-2017-cork-oak-companions/,"K-means classifications of fresh and oven-dried fuels differ. The paper's abstract explicitly identifies Calicotome spinosa, Tetraclinis articulata, Juniperus oxycedrus, and Pinus halepensis as highly flammable. Verdict map: this explicit overall high group = avoid; all other measured taxa = mixed. No recommend verdict is inferred from a favorable fresh-only cluster.","The complete article is publicly archived in HAL. All ten exact species are represented. Fresh twigs with foliage and paired oven-dried samples were tested by mass-loss calorimeter. Hernando, Guijarro, and Madrigal place this in the INIA Madrid fire-lab program already represented by Ganteaume; the Algerian samples are new data but share one inia-madrid-tree vote."
delaware-3-de-admin-code-806-2026,Delaware 3 DE Admin. Code 806 Invasive Plant and Plant Watch Lists,Delaware Department of Agriculture,https://agriculture.delaware.gov/plant-industries/nursery-inspection/,Delaware,,regulatory-list,delaware-3-de-admin-code-806,,https://fireapproved.com/plants/source/delaware-3-de-admin-code-806-2026/,"The current regulation names 39 Invasive Plant List taxa and one Plant Watch List taxon. Chapter 29 restricts import, export, purchase, sale, transport, distribution, and propagation of viable listed material. Invasive-list activities require the Secretary's prior written approval for the statute's disposal, control, research, education, or bounded export purposes. The Watch row instead requires the published tag, label, or sign. Four May 2026 additions have department enforcement dates in 2028 or 2029.","The May 2026 final order adopts the March 2026 regulatory text unchanged and makes it effective ten days after publication. The current DDA page supplies the clean complete list, identifies 35 invasive-list rows with enforcement in effect, two additions with enforcement beginning May 1, 2028, two additions beginning May 1, 2029, and twelve current named cultivar exemptions. Chapter 29 supplies the activity and prior-written-approval boundaries. Regulation 806 states that cultivar exemptions are conditional and subject to revocation. Legal status, ecological invasion, and fire performance remain separate dimensions."
della-rocca-2015-cypress-lab,Possible land management uses of common cypress to reduce wildfire initiation risk: a laboratory study,Elsevier / Journal of Environmental Management (IPSP-CNR and INIA-CIFOR),https://doi.org/10.1016/j.jenvman.2015.05.020,"Valencia, Spain / Mediterranean",1,lab-tested,cypfire-tree,Journal of Environmental Management 159 2015-08-15,https://fireapproved.com/plants/source/della-rocca-2015-cypress-lab/,"Component-level study of Cupressus sempervirens var. horizontalis live crown and dead litter. The authors report relative resistance to ignition and low crown/litter ignitability, while requiring multiple methods to characterize sustainability, combustibility, and consumability. Both rows map to mixed; no overall low-flammability class is inferred.","Tier 1 bench-scale laboratory study using mass-loss calorimetry, epiradiator, and oxygen bomb methods. The selected-variety cypress-barrier application is framed as a promising complementary tool needing further study. Evidence remains variety-, part-, moisture-, and placement-specific and does not roll up to the species or genus."
dibble-2007-northeastern-invasives,Combustion characteristics of north-eastern USA vegetation tested in the cone calorimeter,"International Journal of Wildland Fire (Dibble, White, Lebow)",https://research.fs.usda.gov/treesearch/31137,north-eastern and mid-Atlantic United States,1,lab-tested,usfs-fpl-cone-tree,2007 2007-08-20,https://fireapproved.com/plants/source/dibble-2007-northeastern-invasives/,"The paper reports several cone-calorimeter measurements and warns that their rankings are not interchangeable. Verdicts therefore use only the abstract's author-named effective-heat-of-combustion extremes: taxa named high = avoid; taxa named low = recommend; every other measured taxon = mixed. This is a map of the conditioned foliage-and-twig result, not a whole-plant claim.","Public full text is hosted by the USDA Forest Service. Thirty-six identified vascular species and one genus-rank Vitis row are represented. Cynanchum cf. louiseae remains held because a cf. determination is not a genus rating; three bryophytes and one lichen remain held because the current directory schema has no defensible nonvascular plant form. Dibble and White overlap the Forest Products Laboratory cone-calorimeter program represented by White et al. 2002 and Weise et al. 2005, so this is one usfs-fpl-cone-tree vote."
dovetail-ne-minnesota,Landscaping for Wildfire Defensible Space in Northeastern Minnesota (Firewise),"Dovetail Partners (Ely, MN; supported by The Nature Conservancy / USDA Forest Service PERFACT agreement)",https://dovetailinc.org/land_use_pdfs/mnfirewiselandscapefulllength.pdf,northeastern Minnesota,1,keyed-curation,ufifas-srs-tree,2017 2017,https://fireapproved.com/plants/source/dovetail-ne-minnesota/,"Table 2 rates 38 wildfire-resistant, non-invasive plants low or moderate flammability using the UF/IFAS Circular 1453 methodology (Behm, Long, Monroe, Randall, Zipperer, Hermansen-Baez 2004), with the document's own placement mapping — low-flammability plants may be planted 3 to 30 feet from a building, moderate ones beyond 30 feet. Verdict map: low = recommend, moderate = mixed.","The only rated Minnesota list; a clean application of the Florida flammability key to northeastern Minnesota natives, with growing-condition columns (form, soil moisture, sun, hardiness zones). The document's boreal-tree flammability table (Table 1) is attributed to Manitoba's FireSmart program and is not part of this source's own ratings. The pinned input is 4,647,325 bytes; SHA-256: d2ae26cd78f2246f54435421d6914900cea71475bb70249d1447accf945bb042."
fdacs-south-florida-firewise-guide,Landscaping to Reduce Wildfire Risk: South Florida Edition,Florida Forest Service,https://www.fdacs.gov/content/download/25648/file/South_Florida_Firewise_Landscaping_Guide.pdf,South Florida,2,expert-curated,unknown,South Florida Edition 2013-04-09,https://fireapproved.com/plants/source/fdacs-south-florida-firewise-guide/,"Narrative hazard callouts rather than a ranked plant table. The guide calls five named invasive plants extremely flammable, flags grape vine as a fire concern, calls palmetto highly combustible, and describes condition-dependent fire spread on cabbage palm.","Written and designed for the Florida Forest Service by Melissa Yunas and Victor Hill. The guide links Firewise and University of Florida resources but gives no claim-level provenance or rating method, so its evidence lineage remains unknown. The eight represented owners preserve only taxonomic precision supported by the printed common or genus names. The pinned official PDF is 4,425,484 bytes. Official PDF SHA-256: 883a3538a62612580f8e4758df34283d91d11b04b5260702138c3c0edf316a89."
fenz-low-flammability,Low Flammability Plants directory,Fire and Emergency New Zealand (plant flammability testing at Lincoln University),https://www.checkitsalright.nz/reduce-your-risk/low-flammability-plants,New Zealand,1,lab-tested,lincoln-nz-tree,2026 2026,https://fireapproved.com/plants/source/fenz-low-flammability/,"Seven-level flammability classification (Very low / Low / Low-moderate / Moderate / Moderate-high / High / Very high) across 402 species, grounded in shoot-flammability testing at Lincoln University (the Curran-group ""plant barbecue"" program). Verdict map: very low, low, and low-moderate = recommend (the directory calls low and low-moderate species ideal for planting); moderate and moderate-high = mixed; high and very high = avoid. A separate list of twelve high-flammability environmental weeds (2024 Department of Conservation list) maps to avoid.","The deepest lab-derived official plant flammability directory anywhere, and the corpus's first Southern Hemisphere lab chain. Website content is CC-BY-NC-ND, so only uncopyrightable facts are extracted — species names, classifications, and poisonous/weed flags — with attribution in text. Accessed via FENZ's checkitsalright.nz property; origin column is NZ-relative."
fernandes-2020-selective-shrub-mgmt,Selective Shrub Management to Preserve Mediterranean Forests and Reduce the Risk of Fire,MDPI Fire / University of Évora and Instituto Politécnico de Viana do Castelo,https://doi.org/10.3390/fire3040065,Mainland Portugal,1,expert-curated,raposo-portugal-tree,"Fire 3(4), article 65 2020-11-10",https://fireapproved.com/plants/source/fernandes-2020-selective-shrub-mgmt/,"Table 2 marks 16 native genera Control in mainland Portugal fuel-management bands. Control maps to avoid only within that placement. The 18 Preserve genera are not mapped to recommend because the decision also incorporates succession, conservation value, and protected status.","Perspective grounded in phytosociology, literature synthesis, and the authors' 2017 post-fire observation. Fine-textured heliophilous shrubs are prioritized for selective control. The stable registry slug predates source inspection; the actual authors are Raposo, Pinto Gomes, and Nunes, not Fernandes."
firesafe-marin,Fire-Resistant Plants Common to Marin County,Fire Safe Marin,https://firesafemarin.org/wp-content/uploads/2021/08/FIRESafe-MARIN_plant-list_2019.pdf,"Marin County, California",,expert-curated,partially-independent,2019 2019,https://fireapproved.com/plants/source/firesafe-marin/,"The publication separates named fire-resistant plants from a shorter fire-prone list. It also identifies plants suitable for hedges. Fire Safe Marin says placement, spacing, irrigation, and removal of dead material remain necessary; it does not describe an experimental rating method.",The source remains tierless because its selection lineage is only partly documented. Its rows publish Marin's curation and conflicts without creating independent Tier 1 support in the derived rating.
firesmart-bc,FireSmart BC Plant Program — fire-resistant plant chart,FireSmart BC,https://firesmartbc.ca/landscaping-hub/fire-resistant-plants/,British Columbia,2,compiled,firesmart-bc-plant-database,2026 2026,https://fireapproved.com/plants/source/firesmart-bc/,"Binary FireSmart-approved chart of 290 plants across eight growth-form categories, each with a Home Ignition Zone suitability (intermediate 10-30 m / extended 30-100 m / extended and beyond) or a needs-more-research flag. Verdict map: approved = recommend.","Tier 2 compiled corroboration: FireSmart BC's chart substantially republishes the PNW-590 species set for BC, so rows landing on records that already carry pnw-590 evidence resolve to that root and add no independence. Zone suitability is preserved as placement guidance; needs-more-research flags travel as claims."
firewise-arkansas-plant-guide,FireWise Plants offer colorful choices for Fire Safe Gardens,NFPA Firewise Communities,https://web.archive.org/web/20070714035825/http://www.firewise.org/usa/files/ArkansasPlantGuide.pdf,Arkansas,2,compiled,firewise-national,2007 one-page guide 2007-05-04,https://fireapproved.com/plants/source/firewise-arkansas-plant-guide/,"The page presents its 19-row table as a short representation of Firewise trees, shrubs, and groundcovers homeowners can choose. Every table row maps to recommend. Its unscientific generic avoid examples are held separately.","Nineteen exact GBIF species owners were admitted from the visually audited table. Printed Juglans cincerea and Rhus copallinum errors were corrected transparently to Juglans cinerea and Rhus copallina. The generic warning to avoid pine, cedar, and juniper was not converted because it supplies no scientific names and cedar is taxonomically ambiguous. The page contains no byline or Arkansas statement; its filename suggests Arkansas, but the captured 2006 NFPA plant-list index does not include it. State coverage remains deliberately untyped until an archived index or authoring record directly establishes that scope. PDF SHA-256: 9b2a00c8c2cbd815c797e67d0d34e0d5207a53e3088e4e97af35036ba1999a20."
firewise-black-hills-sd-plantlist,Firewise Plant Material for the Black Hills,NFPA Firewise Communities,https://web.archive.org/web/20070714035957/http://www.firewise.org/usa/files/south_dakota.pdf,"Black Hills, South Dakota",2,compiled,firewise-national,scan created 2004-11-30 / 2007 archive capture 2004-11-30,https://fireapproved.com/plants/source/firewise-black-hills-sd-plantlist/,The single-page list describes every table row as a fire-resistive plant that can be used in landscaping. Each exact taxon row maps to recommend; the page provides no comparative score or avoid category.,"Forty-eight printed rows were visually audited. Forty-seven exact GBIF genus or species owners are represented and one unranked infraspecific chokecherry label is held rather than broadened. Nine obvious printed misspellings are preserved in verdictRaw and corrected transparently for matching. The page does not identify an authoring agency; NFPA's archived index supplies the South Dakota filing, while the title supplies the narrower Black Hills scope. The date is PDF creation metadata, not a claimed publication date. PDF SHA-256: 6e2b8c1d6e58801cf206de42e90f1bbd95cb496422bb0fe45d21dd5c7e910f9e. Archived-index HTML SHA-256: d3340235705dc6b89a5bcbeab68b654a9af59778bd1aeefd76b8ce8d591009f4."
firewise-uk-dorset-leaflet-2024,Protecting your home from wildfire — plants and tips that can reduce your risk,Dorset Heaths Partnership / Firewise UK / University of Exeter wildFIRE Lab,https://www.dorsetheaths.org.uk/wp-content/uploads/2024/10/Firewise-Planting-Leaflet.pdf,"Dorset, United Kingdom",1,lab-tested,exeter-wildfire-tree,2024-10 2024-10-22,https://fireapproved.com/plants/source/firewise-uk-dorset-leaflet-2024/,"University of Exeter wildFIRE Lab testing is published as green, amber, and red classes. Verdict map: green = recommend; amber = mixed; red = avoid. The leaflet defines red dry material as capable of flames over 2.5 m.",The two-page public leaflet and its visual class columns were verified. Eleven unambiguously identified species/cultivars were ingested. Seventeen entries labelled only by a genus or ambiguous common name were excluded rather than assigned a taxon. This is one exeter-wildfire-tree lab program vote.
fitzgerald-waldo-2002-osu-frn6,Fire-Resistant Plants for Oregon Home Landscapes,Oregon State University Extension Service,https://www.iatp.org/sites/default/files/Fire_Resistant_Plants_for_Oregon_Home_Landscap.pdf,Oregon,1,expert-curated,pnw590-tree,Forest Resource Note No. 6 2002-04,https://fireapproved.com/plants/source/fitzgerald-waldo-2002-osu-frn6/,"Binary inclusion in Fire-Resistant Plant Materials for Oregon, organized into groundcovers, perennials, broadleaf evergreen shrubs, deciduous shrubs, evergreen trees, and deciduous trees. A few rows carry Central, Eastern, Southern, or Western Oregon placement codes.",Direct precursor of joint PNW 590 and therefore assigned the same lineage rather than an independent vote. The guide says most listed plants require some irrigation during dry summers and that even fire-resistant plants can burn if not maintained in a healthy condition. Capture SHA-256: 3e719b3edaf3502e42f384d7972b8c79511aa85cba25d7b3234fd60fac2df954.
flamits,FLAMITS: FLAMmability plant traiTS database,Dryad / Global Ecology and Biogeography,https://doi.org/10.5061/dryad.h18931zr3,Global,2,trait-database,meta-aggregator,Dryad version 9 2023-12-22,https://fireapproved.com/plants/source/flamits/,"FLAMITS stores 19,972 numeric observations across 40 harmonized variables and five flammability dimensions. Values retain the published variable name, experimental context, and primary-study identifier. They are represented as non-voting measurements because the database does not impose one directional threshold across unlike variables, devices, plant parts, or fuel conditions.","CC0 dataset compiled from 295 primary flammability studies. Each evidence row cites both the Dryad dataset and its original source_ID; the complete primary citations are preserved in flamits-sources.csv. Of 19,972 published rows, 19,500 are admitted on 1,736 exact accepted identities. The hold ledger keeps 164 rows whose source_ID is absent from the supplied reference table and 308 rows whose taxon cannot be represented by an exact genus/species identity. Dataset version 9 data-file SHA-256: 8c876f4550ac032af98071d018dd2f76fbc96a21d1f26293ca4065537080f39c."
fps-eastern-us,Eastern United States Fire Performance Plant Selector,"USDA Forest Service Northeastern Area S&PF + state Firewise programs (WV, OH, PA, DE, DC, MD, NJ)",https://web.archive.org/web/20230224072829/https://fire.sref.info/introduction,eastern US,1,keyed-curation,ufifas-srs-tree,2016-wayback 2016-08-27,https://fireapproved.com/plants/source/fps-eastern-us/,"Firewise Rating 1-4: Firewise (1), Moderately Firewise (2), At Risk (3), Not Firewise (4). Landscape Zones LZ1-4 give the program's own placement.","Ratings assigned by Larry Steward (OSU-ATI) using the UF Circular 1453 flammability key modified for northeastern dormancy; concept by Bob Hannah (WV Division of Forestry). The program's website is dead; FireApproved's Wayback recovery (541 of 541 species, cross-validated against the 2014 master table) is the only surviving copy of the dataset. Exact-identity audit 2026-08-25: 539 rows represented by 533 evidence owners, including two not-rated source anomalies; two cultivar-group rows are taxonomy-held."
france-old-debroussaillement,Débroussaillement — Le Guide Complet : conseils et règlementation,Prévention Incendies de Forêt / Entente Valabre,https://www.prevention-incendie-foret.com/connaitre-les-regles/debroussaillement,Mediterranean France,2,regulatory,valette-1990,web page 2025-06-20,https://fireapproved.com/plants/source/france-old-debroussaillement/,The page gives structural legal-clearing guidance rather than a national species scale. One non-statutory plant-level warning says that conifer hedges of the cypress type are the most combustible; that warning maps to avoid at genus rank and remains conditioned on hedge form and accumulated dead/resinous material.,Only the explicit Cupressus genus warning was admitted. No national French recommended or prohibited species list was inferred. The page was published 2016-12-13 and reports modification on 2025-06-20 in its embedded metadata. HTML capture SHA-256: 2d445bbee3ab32bd8b66a5213bf24425e29b729ca6969d750f627d971f44f2a2.
fremont-county-wy-firewise-list,Fremont County Firewise Plant List,Fremont County Firewise,http://www.fremontcountyfirewise.com/WyomingFirewisePlantList.htm,"Fremont County, Wyoming",2,compiled,unknown,web page (server last-modified 2011-02-25) 2011-02-25,https://fireapproved.com/plants/source/fremont-county-wy-firewise-list/,"The page presents every row in its Ground Covers, Shrubs, and Large Shrubs and Trees sections as a Firewise plant. Listed taxa map to recommend. The page provides no comparative classes or adverse list.","The page describes Firewise plants as generally low-growing, low-debris, and relatively moist, but gives no methodology or source attribution. It remains Tier 2 with unknown lineage. Thirteen explicitly genus-level entries remain genus records; common names were not widened to inferred species. Obvious typographical errors in scientific names were reconciled only to exact GBIF matches and the printed spellings remain in verdictRaw. Raw HTML SHA-256: 895416d7024cfbcb4f5f475d1b8f3b81a0a3999b249dfd3152a75e2bd1f30a88. The normalized 37,305-byte research capture is SHA-256 ce5c3830b3b29f26dc8d5ed231e3c0a29cd1abfa202ccc4b13de7b167561a273; it is a research receipt, not republished source content."
ganteaume-2013-provence-ornamental-hedges,Flammability of some ornamental species in wildland-urban interfaces in southeastern France,"Environmental Management (Ganteaume, Jappiot, Lampin, Guijarro, Hernando)",https://hal.archives-ouvertes.fr/hal-00941751/document,"Provence, southeastern France",1,lab-tested,inia-madrid-tree,2013 2013-06-14,https://fireapproved.com/plants/source/ganteaume-2013-provence-ornamental-hedges/,"The hierarchical analysis assigns poorly flammable, not very flammable, moderately flammable, highly flammable, and extremely flammable clusters. Verdict map: poorly/not very = recommend; moderately = mixed; highly/extremely = avoid. For Cupressus sempervirens the row follows the paper's overall conclusion: live leaves were not very flammable, but its accumulated dead leaves were extremely flammable and the authors say the species should be avoided near houses.","Public author-produced full text is archived by HAL. Six exact species are represented; Phyllostachys sp. is excluded because the paper identifies it only to genus. Guijarro and Hernando overlap the INIA Madrid fire-lab papers, so this source conservatively shares the inia-madrid-tree vote. It uses Valette's published epiradiator protocol and scale, but has different authors and a new ornamental dataset, so protocol reuse alone does not merge it with Valette 1990."
gencat-franges-perimetrals,Les franges perimetrals de protecció contra els incendis forestals,Diputació de Barcelona and CREAF,https://www.diba.cat/documents/d/incendis/diba_franges_web,"Catalonia, Spain",2,regulatory,gencat-decret-123-2005,2025 web edition 2025,https://fireapproved.com/plants/source/gencat-franges-perimetrals/,The page 4 species-selection panel instructs managers to maintain first the less-flammable species and to remove first the more-flammable species. The former maps to recommend and the latter to avoid. Structural clearance rules elsewhere in the guide are not converted into additional taxon verdicts.,"Eighteen exact taxon labels are admitted from the printed panel: 14 maintain/less-flammable rows and four remove/more-flammable rows. Quercus, Tamarix, Pinus, Cupressus, Cistus, and Erica remain genus-rank because the panel prints sp. rather than a species. Pistacia terebintus is retained in verdictRaw while its transparent spelling correction resolves to Pistacia terebinthus. PDF SHA-256: f4736d80e7ce42858483ce9a4332877d71ec57df93229c94b0c685c54da13d41."
girona-pirojardineria-2020,Guía de pirojardinería — guía práctica de jardinería adaptada a la prevención de incendios forestales,Diputació de Girona and Bombers de la Generalitat de Catalunya,https://interior.gencat.cat/web/.content/home/030_arees_dactuacio/bombers/foc_forestal/publicacions_tecniques_i_normativa/guies_tecniques/prevencio_i_extincio/2020_Guia_de_pirojardineria_es.pdf,"Catalonia, Spain",1,expert-curated,elvira-hernando-1989 + cooperem-tree,Spanish edition 2020,https://fireapproved.com/plants/source/girona-pirojardineria-2020/,"The 289 species fiches use five printed suitability verdicts: muy recomendada, recomendada, desaconsejada, muy desaconsejada, and prohibida. The guide's qualitative balance integrates fire-resistance literature, expert fire-service experience, fuel structure, maintenance, origin, and invasiveness. Prohibida is a regulatory invasive- species outcome and is retained as not-rated rather than converted into a flammability avoid verdict.","The source says recommended plants may be used inside or outside the 25-metre maximum- risk zone, discouraged plants are not suitable inside it, and very discouraged plants should not be planted in either zone. All suitability judgments assume species-specific garden care and maintenance. Archived PDF SHA-256: 49ad413b9a3252de86bc4ae0c951a5be3567842f926ead07cb907d0a58493539."
gonzalez-2022-laguna-blanca-wui,Fire hazard assessment at different scales in the WUI of semiarid northern Patagonia,"Frontiers in Forests and Global Change (Gonzalez, Arias Aller & Ghermandi)",https://www.frontiersin.org/journals/forests-and-global-change/articles/10.3389/ffgc.2022.855790/pdf,"Laguna Blanca National Park, Neuquén, Argentina",1,lab-tested,gonzalez-ghermandi-tree,2022 2022-09-13,https://fireapproved.com/plants/source/gonzalez-2022-laguna-blanca-wui/,The abstract and Discussion explicitly name the most-flammable species after considering leaf and plant variables. Verdict map: author-named most-flammable taxa measured in this paper = avoid; all other taxa measured in this paper = mixed. No low direction is inferred from a single favorable component.,Complete CC-BY full text is openly published by Frontiers. Eight exact taxa were newly sampled; Mulinum spinosum is excluded because this article imports its data from Blackhall and Raffaele 2019. Three of the newly measured taxa belong to the paper's four-member most-flammable group. This is a new Gonzalez/Ghermandi Laguna Blanca dataset; citation or import of one Blackhall result does not merge the eight new measurements with the earlier paper.
grants-pass,Fire-Resistant vs. Highly Flammable Plants,City of Grants Pass,https://www.grantspassoregon.gov/289/Fire-Resistant-vs-Highly-Flammable-Plant,OR,2,compiled,pnw590-tree,,https://fireapproved.com/plants/source/grants-pass/,Two lists — fire-resistant and highly flammable (avoid).,Municipal compilation in the PNW 590 orbit. Its highly-flammable naming is useful avoid-list corroboration.
greece-property-fire-regulation-2023,Κανονισμός Πυροπροστασίας Ακινήτων εντός ή πλησίον δασικών εκτάσεων,Hellenic Ministry of Environment and Energy,https://www.elinyae.gr/ethniki-nomothesia/ya-oik-ypendaoka5590420192023-fek-3475b-2452023,Greece,2,regulatory,greece-property-fire-regulation-2023,FEK B 3475/2023 2023-05-24,https://fireapproved.com/plants/source/greece-property-fire-regulation-2023/,"Section 5.4.2 prints a 31-row table of particularly flammable endemic trees and shrubs, mapped to avoid. The immediately following paragraph contrasts these with passive fire-resistant plants and names 18 unique plant groups. Sixteen map to recommend at genus rank; the repeated maple mention casts one row, while Rosaceae, Myoporum, and loquat are held.","Latin labels in the high-flammability table retain species, variety, or printed genus rank. The contrasting Greek common/group names are mapped only to unambiguous, clean genus owners, never guessed to species. Myoporum and loquat are held because their genus keys currently collide with legacy species-shaped placeholders. Abies borisii regis is transparently corrected to the hyphenated exact name for GBIF matching. HTML SHA-256: 850357695d5a646fd8596072d66e64207ddaf6af51ae0f479da74f8049abd416. Embedded table image hashes: 0cad88706539b71ae95193be34d5b246dde2476537f86b5269b0e5a2ffc02b53 and 6e0b70c5ffded4f4d44a5adfdfc5641ff7681eceaed717feaba8cebef303047c."
guerrero-2020-valparaiso-thermo,Thermo- and physicochemical properties of native and exotic forest species of Valparaíso,International Journal of Wildland Fire (Guerrero et al.; UTFSM),https://www.researchgate.net/publication/340890318_Thermo-_and_physicochemical_properties_of_native_and_exotic_forest_species_of_Valparaiso_Chile_as_essential_information_for_fire_risk_management,"Peñuelas Lake National Reserve, Valparaíso, Chile",1,lab-tested,guerrero-utfsm-tree,2020 2020-04-24,https://fireapproved.com/plants/source/guerrero-2020-valparaiso-thermo/,The paper applies a five-class higher-heating-value risk scale. Verdict map: classes 1-2 = recommend; class 3 = mixed; classes 4-5 = avoid. Flash point is retained in claims with the authors' low-precision warning.,"Public author-uploaded full text was verified. All five exact taxa and their applied HHV classes are represented. This paper and the 2021 epiradiator companion share Guerrero, UTFSM, the Peñuelas site, and the species panel, so both are one guerrero-utfsm-tree vote."
gva-valencia,Jardinería de baja inflamabilidad para las zonas de interfaz urbano-forestal,Generalitat Valenciana,https://www.leliana.es/sites/www.leliana.es/files/files/Jardineria%20de%20baja%20inflamabilidad.pdf,"Valencia, Spain / western Mediterranean",1,expert-curated,gva-valencia,2019 2019,https://fireapproved.com/plants/source/gva-valencia/,"A recommended-species table for wildland-urban-interface gardens (92 entries across hedges, climbers, trees, shrubs, and beds, in native and garden columns) plus a flammable-species warning naming pines, heaths, cypresses, esparto, and rosemary. Verdict map: recommended = recommend, named-flammable = avoid. Thymus vulgaris appears on both sides and is recorded as mixed with the tension preserved.","The corpus's first Spanish-language source under the all-English extraction policy (English claims, Spanish claimOriginal). Its rosemary condemnation corroborates the INRA laboratory notes; its cypress caution is about dry-material accumulation, echoing the CypFire condition-not-species finding already documented in the source survey."
harrison-2002-rangelands-kochia-fires,Forage Kochia Helps Fight Range Fires,Society for Range Management (Rangelands),https://extension.usu.edu/preparedness/files/wildfire/rangelands.pdf,Great Basin / Intermountain West,1,expert-curated,greenstrip-tree,Rangelands 24(5) 2002-10,https://fireapproved.com/plants/source/harrison-2002-rangelands-kochia-fires/,Table 1 contains 11 rows for species frequently used in greenstrips; its dual-species crested-wheatgrass row yields 12 taxon identities. Listed = recommend only within the recorded semiarid greenstrip placement. Eleven identities fit the current schema; the western-yarrow subspecies is held out because subspecies rank is unavailable.,"Tier 1 expert synthesis based on reviewed reports, field observations, and telephone interviews. The source explicitly says published peer-reviewed fire-suppression findings were unavailable and asks for more quantitative research. Its controlled-burn and wildfire figures are specific to forage kochia; companion Table 1 species are not recast as individually tested. Same greenstrip-tree lineage as the underlying BLM, USFS, UNR, and NRCS work."
henaoui-cistus-tlemcen,The fire risk of the plant groupings with Cistus in the area of Tlemcen (Western Algeria),European Scientific Journal,https://eujournal.org/index.php/esj/article/view/1917,"Tlemcen, western Algeria",1,lab-tested,valette-1990,European Scientific Journal 9(29) 2013-10-30,https://fireapproved.com/plants/source/henaoui-cistus-tlemcen/,"Table 1 classifies fresh-material ignition delay as note 3 / high flammability at 65 seconds or less, note 2 / moderate above 65 and below 130 seconds, and note 1 / low at 130 seconds or more.",The authors tested three fresh 10 g samples for each of 38 species with an infrared burner at 850 °C during April-May 2013. The separate narrative aside naming four non-flammable plants is not ingested because those taxa are absent from the stated 38-species experimental set and Table 1. PDF SHA-256: 46e84be9b030919986dfdb50b531d167f2658590e66d932b7f2a63ba736ff264.
idaho-firewise-master-db,Fire Resistance of Plants Master Database,Idaho Firewise (BLM + College of Western Idaho + Idaho Botanical Garden),https://idahofirewise.org/wp-content/uploads/2017/04/FireXResistanceXofXPlantsXMasterXDatabase.pdf,southern Idaho / Intermountain,1,field-trial,idaho-tree,Southern Idaho master database (PDF created 2013-11-08) 2013-11-08,https://fireapproved.com/plants/source/idaho-firewise-master-db/,"0-10 fire-resistance score mapped by the source to minimum planting distance (10 = acceptable at 10 ft ... 1 = keep 100+ ft away). Verdict thresholds follow CSU's published usage of this scale: 8-10 recommend, 4-7 mixed, 0-3 avoid.","The largest scored US dataset (400+ species and cultivars). Cooperative scoring program; its methodology was adopted by CSU/CSFS in 2025. The current official Idaho Firewise download matched the reviewed 1,607,748-byte input on 2026-08-26; SHA-256: da9a483ed2d1bd998e489caee694dde85f21d92bc8af3855e3bf2c5c022522e4."
indiana-312-iac-18-3-25-2020,Indiana 312 IAC 18-3-25 Prohibited Invasive Terrestrial Plants,Indiana Department of Natural Resources,https://iar.iga.in.gov/code/2026/312/18#312-18-3-25,Indiana,,regulatory-list,indiana-312-iac-18-3-25,,https://fireapproved.com/plants/source/indiana-312-iac-18-3-25-2020/,"The current rule designates 44 prohibited invasive terrestrial plants. It applies to any part or life stage and prohibits sale, offering or growing for sale, gifting, bartering, exchange, distribution, transport, transfer, and introduction. The rule became effective April 18, 2019; its trade and transport restrictions became fully enforceable April 18, 2020. Possession by a person holding a State Entomologist permit and participation in a State Entomologist-approved destruction project are separate person-level exceptions; the rule does not state a general prohibition on bare possession.","The NRC January 2019 minutes authenticate final adoption and the correction of row 29 to Lonicera maackii. The NRC 2025 Readopted Final Rule readopts 312 IAC 18-3 and supplies currentness. The Indiana government guidebook supplies a complete pre-errata subsection (a)-(e) cross-pin; its page is explicitly labeled proposed, so it is supplemental. The current DNR page and 9/2024 brochure are separately counted supplemental displays, and their printed botanical variants remain attached to the enacted rows. The current IAR legal home is retained on every assertion. Indiana noxious weeds, aquatic plants, ginseng, kudzu, marijuana, hemp, multiflora rose, and purple loosestrife remain outside this source pack."
isees-2021-judean-hills,"השרפה בהרי יהודה – 2021: ניתוח, תובנות והמלצות",Ecology and Environment / ISEES,https://magazine.isees.org.il/?p=38821,Israel,2,expert-curated,isees-judean-hills-2021-analysis,Ecology and Environment 12(4) 2022-02-01,https://fireapproved.com/plants/source/isees-2021-judean-hills/,"The recommendations call for reducing pine presence in forest fire-buffer strips and interrupting dense pine continuity, mapped to avoid at Pinus genus rank with its placement condition. Five exact species are offered as less-flammable alternatives to pines in public-use forest areas, mapped to recommend.",Six exact GBIF owners are admitted: one Pinus genus row and five species rows. The article's printed Ceratonia silique typo is preserved in verdictRaw and transparently corrected to Ceratonia siliqua for matching. HTML SHA-256: 8889e4f94d0840487a691bfdf02504248a5bf9e665d2f1bc322612f96885f8f9; generated article PDF SHA-256: 2eafce61408b2ced7baa158ff7e78dcdc6dc1e88da9c01672c4e905a9dea184c.
jaureguiberry-2011-device-34spp,Device for the standard measurement of shoot flammability in the field,Austral Ecology / IMBIV-CONICET and Universidad Nacional de Córdoba,https://doi.org/10.1111/j.1442-9993.2010.02222.x,"Western Chaco, Córdoba Province, Argentina",1,lab-tested,jaureguiberry-device-tree,"Austral Ecology 36(7), pages 821-829 2011-01-05",https://fireapproved.com/plants/source/jaureguiberry-2011-device-34spp/,"Appendix S5 publishes continuous means for MT, BL, BT, BR, BB interval, and the authors' compound FL index for 34 samples. FL runs from 0 toward roughly 3, but the paper defines no directional taxon classes or cutoffs. All rows are retained as not-rated measurements.",Six fresh field samples per taxon were preheated for two minutes at 150 °C and ignited for 10 seconds. Thirty-four sample rows resolve to 33 exact GBIF identities because Celtis ehrenbergiana was deliberately measured as both tree and shrub morphotypes. The Appendix S2 spelling Pappophorum explicitly corrects S5's Papophorum typo.
king-county-puget-sound-2011,Firewise Plants for the Puget Sound Basin,King County Forestry Program,https://your.kingcounty.gov/dnrp/library/water-and-land/forestry/forestfire/FirewisePlantsPugetSoundBasin-2011.pdf,western WA,1,expert-curated,king-county-2011,2011 2011,https://fireapproved.com/plants/source/king-county-puget-sound-2011/,"Binary recommendation by presence in the source's Trees, Shrubs, Perennials, or Groundcovers tables under the heading Fire-resistant Landscape Plants.",Native-first King County curation for the Puget Sound Basin. Its only named resources are the Washington Native Plant Society and Pojar & MacKinnon's Plants of the Pacific Northwest Coast; it does not cite PNW 590.
kkl-2024-fire-prevention-compendium,מסמך מאגד הנחיות למניעת שרפות ולשיקום יער לאחר שרפות,KKL-JNF Afforestation Division,https://www.kkl.org.il/files/afforestation-and-environment/21032024_doc.pdf,Israel,2,regulatory,kkl-fire-authority-buffer-guidance,March 2024 2024-03,https://fireapproved.com/plants/source/kkl-2024-fire-prevention-compendium/,"The guide repeatedly prioritizes cypress trees over conifers when selecting retained trees in settlement and forest fire-buffer strips. This operational genus-level preference maps to recommend. Broad structural prescriptions and unnamed woodland, broadleaf, conifer, and vegetation classes are not mapped.","One exact Cupressus genus row is admitted from pages 4, 6, and 7. The guide contains no species table or named cypress species, so the evidence stays at genus rank. PDF SHA-256: 6115cbf79c7b18dc0201f80c8d9df79d0879cb61a277aec1173de2322bf40c0e."
kovalsyki-2016-pfb-cortinas,Flammability of tree species for use in fuelbreaks in forest-fire prevention,"Pesquisa Florestal Brasileira (Kovalsyki, Takashina, Tres, Tetto & Batista; UFPR)",https://pfb.sede.embrapa.br/pfb/article/download/991/531,"Curitiba, Paraná, Brazil",1,lab-tested,ufpr-cortinas-tree,2016 2016-12-30,https://fireapproved.com/plants/source/kovalsyki-2016-pfb-cortinas/,Table 4 reports Valette's 0-5 flammability value (VI) separately from the combustion-intensity index (IC). Verdicts use VI only: 0-1 (non/poorly flammable) = recommend; 2-3 (moderately flammable/flammable) = mixed; 4-5 (highly/extremely flammable) = avoid. IC is retained only as a measurement.,"Complete Portuguese full text, English abstract, and species Tables 3-4 are openly published by Embrapa. Four candidate species and the Pinus taeda control are represented. Batista, Tetto, Kovalsyki, and Tres overlap the 2013 UFPR experiment, so the papers share one ufpr-cortinas-tree vote. The registry's earlier summary confused combustion intensity with flammability; Table 4 is the controlling result."
la-arboretum-fire-retardant-hillside-1970,Fire-Retardant Plants for Brush Fire Prevention in Hillside Residential Areas,Los Angeles State & County Arboretum,https://arboretum.org/issue/lasca-leaves-september-1970/,Southern California,1,field-trial,la-arboretum-tree,"LASCA Leaves, September 1970 1970-09",https://fireapproved.com/plants/source/la-arboretum-fire-retardant-hillside-1970/,"Table 1 recommends 30 low-growing shrubs and herbaceous perennials in four fire-retardance categories based on leaf moisture capacity: Category 1, greatest (90-95%); Category 2, high (80-95%); Category 3, medium-high (70-80%); and Category 4, least among the recommended set (60-70%).",The Arboretum's official archive links to the Missouri Botanical Garden scan of LASCA Leaves. The authors condition the recommendations on watering through the dry season and maintenance that removes accumulated litter. Internet Archive item mobot31753002430269; capture SHA-256: 8621cb11620bc2ad508532319b9cc009ae57ad8909f4de6ab74e71e3874d7c35.
long-2006-srs,Quantifying and ranking the flammability of ornamental shrubs in the southern United States,"USDA Forest Service Southern Research Station + NIST (Long, Behm, Zipperer, Hermansen, Maranghides, Mell)",https://www.srs.fs.usda.gov/pubs/ja/ja_long004.pdf,southeastern US,1,lab-tested,ufifas-srs-tree,2006 2006,https://fireapproved.com/plants/source/long-2006-srs/,"Whole-plant burns with large-scale calorimetry at NIST BFRL; cluster analysis produced 22 low / 8 moderate / 4 high flammability among 34 ornamental shrubs. Verdict map: low = recommend, moderate = mixed, high = avoid.","The most direct US lab ranking of ornamental shrubs; the evidence base behind UF/IFAS FOR272. Cite as ""burns conducted at NIST BFRL"" — no standalone NIST report exists."
lsu-hammond,Firewise Landscaping (Hammond Research Station),"LSU AgCenter (Bracy, Owings, Orr, Chen)",https://www.lsuagcenter.com/portals/our_offices/research_stations/hammond/features/research-updates/firewise-landscaping,Louisiana,,compiled,unknown,c. 2005-2010,https://fireapproved.com/plants/source/lsu-hammond/,"A prose list of 31 ornamentals ""recommended for firewise landscaping"" in Louisiana, mostly at genus level. Verdict map: listed = recommend. Tier is deliberately omitted — no methodology is cited, so rows are corroboration only and can never move a rating on their own.","Louisiana's only named-species list. Same structural treatment as the NC Plant Toolbox: an undocumented assignment corroborates but does not promote. The live official HTML exactly matched the reviewed 106,080-byte input on 2026-08-26; SHA-256: d4a9cbbab990f696dbf55244704ff88355937e85f05ada4f03157a74f9589409."
lubin-shelly-1997-ucfpl-compilation,Defensible Space Landscaping in the Urban/Wildland Interface: A Compilation of Fire Performance Ratings of Residential Landscape Plants,University of California Forest Products Laboratory,https://www.firesafemonterey.org/uploads/1/0/6/5/10653434/uc_forestproductslabdefensiblespaceplantlist_ocr.pdf,California,2,compiled,ucfpl-berkeley,Internal Report 36.01.137 1997-07,https://fireapproved.com/plants/source/lubin-shelly-1997-ucfpl-compilation/,"The report compiles more than 25 earlier lists. Chapter 2 requires at least three favorable references, Chapter 3 requires at least three unfavorable references, and Chapter 4 identifies conflicting source recommendations. These map to recommend, avoid, and mixed. The report says the underlying lists often lack scientific basis and use undefined terms.","Tier 2 compilation and the citation root behind several later California list wrappers. The recovered report is the evidence source. A preserved UCFPL column in the 2024 Living With Fire workbook is used only as a transcription aid for the report's F/U/C marker and reference count; it is not treated as another evidence lineage. Conservative exact reconciliation yields 130 evidence owners (83 favorable, 31 conflicting, 16 unfavorable), with 31 compound or non-exact taxonomy rows held."
lucas-2019-biobr-ornamentais,Flammability of urban ornamental species for use in green firebreaks,"Biodiversidade Brasileira (Lucas, Kovalsyki, Jacobs, Tetto & Batista; UFPR)",https://revistaeletronica.icmbio.gov.br/BioBR/article/download/1029/803,"Curitiba, Paraná, Brazil",1,lab-tested,ufpr-cortinas-tree,2019 Portuguese original 2019-05-15; 2020 English translation 2020-07-27,https://fireapproved.com/plants/source/lucas-2019-biobr-ornamentais/,"Both taxa are explicitly classified weakly flammable based on ignition frequency and time, despite high combustion intensity. Verdict map: author-classified weakly flammable = recommend. Component measurements and the high-intensity caveat are retained in each evidence row.","The complete one-page Portuguese conference paper is openly published and contains species-level methods and results. The 2020 English item repeats the same authors, taxa, sample counts, and values and is an edition/translation, not an independent source. Shared UFPR authors and epiradiator program place both rows in the existing ufpr-cortinas-tree."
lwf-plant-list-generator,Living With Fire Plant List Generator (2024-03-05 workbook),"Living With Fire (Charisse Sydoriak, compiler; Ashland OR)",https://living-with-fire.org/home/plant-list-generator-main/,western US (global sources),2,compiled,meta-aggregator,2024-03-05 2024-03-05,https://fireapproved.com/plants/source/lwf-plant-list-generator/,"Aggregator with per-species attribution to original sources; used as a carrier (via) for rows whose originals are registered, never as its own verdict.","1,342-plant workbook recovered 2026-08-23 after the site's own download link died. Preserves per-species citations to the dead Fire Performance Plant Selector (231 rows) and the Idaho Master Database (377 rows). Audited 2026-08-25 as a carrier only: 47 missing root-source rows were recovered on 47 owners (29 existing and 18 new), while 184 candidate channels already had direct primary evidence and were not duplicated. The audit ledger records 93 attribution-only markers and every taxonomy, exact-match, value, or form hold."
macalister-2025-sajb-cape-town,Time to extinguish the exotic flame: Lessons from the 2021 Cape Town fire,South African Journal of Botany / University of Cape Town,https://www.sciencedirect.com/science/article/pii/S0254629925004168,"Cape Town, Western Cape, South Africa",1,lab-tested,independent (UCT post-Table-Mountain-fire study),South African Journal of Botany 184:1163-1173 2025-09-30,https://fireapproved.com/plants/source/macalister-2025-sajb-cape-town/,Forty-two taxa were assessed for fresh- and dry-leaf ignitibility and sustainability plus combustibility. Twenty leaves were collected from each of five biological replicates per taxon; ten leaves were used for fresh tests and ten for dry tests after trait measurement.,"Laboratory means were recomputed from the official UCT raw-data workbook. Published Table 1 supplies identities and 2021 burn observations where the deposited workbook uses shorthand or contains typographical discrepancies. Native/exotic group differences are not converted into species verdicts. The abstract and methods state 22 native and 20 exotic taxa, while the published Table 1 labels and deposited workbook count 23 native and 19 exotic; the row-level labels are preserved without resolving that conflict. Phoenix canariensis and Pinus pinea receive avoid evidence only because the authors explicitly describe the former as a great danger during fire events and the latter as a wildfire hazard. Workbook SHA-256: 7f9ed8308007a35e522937252ed8fd84995b4c36ad2bfbe0d0604086aed3f46a."
madrigal-2013-bench-scale-live-fuels,A new bench-scale methodology for evaluating the flammability of live forest fuels,SAGE / Journal of Fire Sciences (INIA-CIFOR Forest Fire Laboratory),https://journals.sagepub.com/doi/10.1177/0734904112458244,Central Spain,1,lab-tested,inia-madrid-tree,Online first 2012-09-12; Journal of Fire Sciences 31(2) 2013-03,https://fireapproved.com/plants/source/madrigal-2013-bench-scale-live-fuels/,"Table 1 reports five continuous variables for four live-fuel taxa at similar moisture content and 50 kW/m²: TTI, PHRR, AEHC, MLR, and THR. The authors publish no overall taxon class or composite rank. Rows are therefore direct laboratory evidence with verdict not-rated; all five means and repeatability standard deviations remain in claims.","Tier 1 bench-scale study from the INIA-CIFOR laboratory. Component directions conflict, so deriving a recommend/avoid verdict would invent a weighting rule. Pinus pinaster uses live needles; the understory shrubs use leaves and fine twigs under 1 cm. Same inia-madrid-tree lineage as the earlier Spanish laboratory program."
maine-chapter-273-invasive-plants-2022-092,Maine Chapter 273 Do Not Sell and Special Concern Lists,"Maine Department of Agriculture, Conservation and Forestry",https://www.maine.gov/DACF/php/horticulture/invasiveplants.shtml,Maine,,regulatory-list,maine-chapter-273,,https://fireapproved.com/plants/source/maine-chapter-273-invasive-plants-2022-092/,Chapter 273 prohibits specified trade and propagation activities for 63 Do Not Sell species and separately allows Rosa rugosa sales only with required disclosure and purchaser guidance. The 29-row Watch List is retained as context only because Chapter 273 explicitly leaves those plants unrestricted.,"The rule defines species broadly to include synonyms and subordinate taxa, but FireApproved does not project a species result onto cultivar or hybrid pages. Chapter 273 also provides a committee exemption path for researched subordinate taxa; no current approved-exemption roster was located. The upstream pages state no reusable license, so source identity and scope are retained while FireApproved publishes only its derived structured data under CC BY 4.0."
maire-1962-landscape-to-prevent-fire,Landscape for Fire Protection,University of California Agricultural Extension Service,https://babel.hathitrust.org/cgi/pt?id=umn.31951d02962519x,California,1,expert-curated,la-arboretum-tree,AXT-254 1968,https://fireapproved.com/plants/source/maire-1962-landscape-to-prevent-fire/,"The Plants for Fire Protection section gives a single conditioned recommendation set, organized as ground covers, shrubs, and trees. It describes these as examples for irrigated hillsides and repeatedly conditions performance on pruning, watering, and removing litter.","This 1968 AXT-254 edition replaces the physical-only 1962 AXT-64 Landscape to Prevent Fire. HathiTrust permits page-at-a-time viewing but instructed against saving or redistributing the scan; the repository therefore stores retrieval metadata rather than scan bytes. Four headings remain held because they identify a cultivar/form, a broad iceplant group, or an OCR spelling that does not exact-match GBIF."
massachusetts-prohibited-plant-list-2026-05,Massachusetts Prohibited Plant List,Massachusetts Department of Agricultural Resources,https://www.mass.gov/info-details/massachusetts-prohibited-plant-list,Massachusetts,,regulatory-list,massachusetts-prohibited-plant-list,,https://fireapproved.com/plants/source/massachusetts-prohibited-plant-list-2026-05/,"The official page prohibits listed plants statewide and says the scope includes cultivars, varieties, and hybrids. Six newly listed taxa currently have staged existing-stock sales deadlines; no new stock may be imported or propagated. Orchard, bonsai-grower, and permit provisions are modeled as operational conditions, separately from the list's taxonomic scope.","The upstream pages state no reusable license. FireApproved retains exact source identity, scope, dates, and operating conditions while publishing its derived structured data under CC BY 4.0. A legal-list result is separate from an ecological invasive assessment and from fire performance. The live page's displayed February 27 update date is stale relative to its linked May 2026 CSV and May 11 additions; the pinned CSV identity controls this source version."
mdfs-firewise-landscaping-plants,"Firewise Landscaping Plants (Maryland, New Jersey, and West Virginia editions)","Maryland DNR, New Jersey DEP, and West Virginia Division of Forestry",https://web.archive.org/web/20250408035155/https://dnr.maryland.gov/forests/documents/fire/firewise_plants.pdf,"Maryland, New Jersey, and West Virginia",2,compiled,md-nj-wv-template-family,Maryland archived PDF 2015-01-08; New Jersey official edition; West Virginia official edition,https://fireapproved.com/plants/source/mdfs-firewise-landscaping-plants/,One affirmative list: every plant table row is described as relatively resistant to fire and as exhibiting stronger resistance to ignition by wildfires. The source publishes no comparative rating scale or row-level method.,"Maryland is the canonical normalized master of the Maryland/New Jersey/West Virginia template family; the official state editions do not add independent votes. All three preserve the same 180 printed taxon occurrences, including West Virginia and New Jersey copies of the Maryland-specific Rudbeckia hirta comment. All rows are preserved in an extracted ledger. One exact botanical-form row is held because the plant schema cannot represent FORM rank; broadening it to the species would be dishonest. Mulch ignitability is outside the plant-evidence scope. The current Maryland official download matched the reviewed 60,120-byte input on 2026-08-26. PDF SHA-256: b349c0d9e454c1d5fa802f359b523a1f7b5f4da1da83a6b0274caff54234da14."
me-mfs-fire-resistant-plant-list,Maine fire-resistant plant list,"Maine Forest Service, Forest Protection Division",https://www.maine.gov/dacf/mfs/forest_protection/firewise/fire_resistant_plant_list.html,Maine,2,compiled,me-mfs-fire-resistant-plants,MFS-list-updated-2013-10-23 2013-10-23,https://fireapproved.com/plants/source/me-mfs-fire-resistant-plant-list/,"The official PDF contains 50 individually named tree, shrub, vine/ground-cover, and perennial rows. Listed plants map to recommend only within the source's stated 30-100-foot landscaping placement.",Tier 2 agency compilation with no stated testing method. The source calls the list partial and limits its use statement to the 30-100-foot portion of the home ignition zone. The 50 printed plant rows are fully accounted for; only conservative unique identity joins publish.
molina-2017-ignition-index,The ignition index based on flammability of vegetation improves planning in the WUI,"Landscape and Urban Planning (Molina, Martín, Rodríguez y Silva & Herrera)",https://helvia.uco.es/xmlui/bitstream/10396/27022/3/,"Córdoba, southern Spain",1,lab-tested,molina-uco-tree,2017 author manuscript 2017,https://fireapproved.com/plants/source/molina-2017-ignition-index/,"Table 2 applies Valette classes 0-5. Verdict map: 0-1 = recommend, 2-3 = mixed, 4-5 = avoid. This paper's observed range is 2-5, so it supplies no recommend rows. Moisture, time to ignition, and flame duration are preserved.",Public full text is deposited in the University of Córdoba repository. The graphical Table 2 was visually verified for all 18 exact taxa. The registry's earlier note claiming Thuja orientalis and Ligustrum vulgare were low-class mitigators was incorrect: they are classes 3 and 4. This UCO dataset is an independent molina-uco-tree lineage.
msu-e2948,Wildfire-resistant Landscape Plants for Michigan (Extension Bulletin E2948),"Michigan State University Extension (Hansen, Fernandez)",https://web.archive.org/web/20070714035839/http://www.firewise.org/usa/files/mi_wildfire_resistant.pdf,Michigan / Great Lakes,1,expert-curated,msu-e2948,"New, January 2007 2007-01",https://fireapproved.com/plants/source/msu-e2948/,"Binary wildfire-resistant list: Table 1 prints 241 rows (2 annuals, 27 groundcovers, 57 perennials, 86 shrubs, 60 trees, 9 vines) with hardiness zones and a Michigan-native flag. Verdict map: listed = recommend.","Michigan's only wildfire plant list. The current MSU PDF endpoint returned an Incapsula denial on 2026-08-25, so evidence links use the verified 2007 Internet Archive capture. Exact audit represents 226 source rows as 221 GBIF owners and holds 15 cultivar, hybrid-group, subspecies, or non-exact rows. Notable inclusions that collide with other lists — bird's nest spruce, English ivy, common boxwood — carry the usual recommend verdict here and surface as documented conflicts rather than being averaged away."
msu-montguide-mt200101ag,Fire-Resistant Plants for Montana Landscapes (MontGuide MT200101AG),Montana State University Extension,https://extension-store.montana.edu/montguides/fire-resistant-plants-for-montana-landscapes,Montana / Northern Rockies,1,expert-curated,msu-montguide,2001 2001-03; 2019 2019-12; 2022 2022-04,https://fireapproved.com/plants/source/msu-montguide-mt200101ag/,"Binary list of fire-resistant species adapted to Montana: 64 groundcover/herbaceous rows, 14 tree rows, and 18 shrub rows. Verdict map: listed = recommend.","Tier 1 original regional expert curation by MSU Extension. The source acknowledges Bob Gough and Jason Lamb as the original authors and explains that some references rated whole genera while others named species. Its single Rosaceae-family row is preserved in the source archive but excluded from plant rating inputs because family is metadata, never a record rank or a cascading verdict."
nc-plant-toolbox,North Carolina Extension Gardener Plant Toolbox — plant profiles and flammability ratings,NC State Extension (plants.ces.ncsu.edu),https://plants.ces.ncsu.edu/find_a_plant/,North Carolina / southeastern US,,expert-curated,bardon-2005 (partial),2026 2026,https://fireapproved.com/plants/source/nc-plant-toolbox/,"Per-plant flammability tags — low / medium / high / extreme — on the Toolbox's plant pages and search facets. Verdict map: low = recommend, medium = mixed, high and extreme = avoid. Tier is deliberately omitted: the Toolbox does not document who assigned its flammability values, so rows count as corroboration only, never sole Tier 1 support. Rows for plants already rated by Bardon's 2005 Firewise Landscaping list resolve to bardon-2005 via the chain-to-root rule.","Facts extracted with attribution from the public search facets (240 rated plants, 2026-08-23); Toolbox photos are per-image licensed (many NC/ND) and are not reused. Exact-match audit 2026-08-25: 238 facet rows resolve to 217 existing GBIF owners; 10 rows use nine documented exact synonym/spelling/genus reconciliations, and two cultivar/hybrid labels are held. Three plants appear under both the high and extreme tags; both values are preserved. No undocumented Toolbox row can supply sole Tier 1 support. Hardiness acquisition 2026-08-26 revisited 54 exact profile URLs that lacked typed tolerance data: 53 publish contiguous USDA half-zone series and one, the profile for Symphyotrichum retroflexum (Aster curtisii), publishes no hardiness field. The exact miss is retained rather than inferred."
ncsu-ag874,Fire-Resistant Landscaping in North Carolina (AG-874),"NC State Extension (Kays, Fawcett, Query, Thompson-Welch, Bardon)",https://content.ces.ncsu.edu/fire-resistant-landscaping-in-north-carolina,North Carolina,1,expert-curated,nc-tree,2025 2025-03-26; 2020 2020-06-05,https://fireapproved.com/plants/source/ncsu-ag874/,"202 North Carolina natives across three tables — 106 low, 61 medium, 35 high flammability — with growth-form groupings and habitat columns. Verdict map: low = recommend, medium = mixed, high = avoid. The successor to Bardon's 2005 Firewise Landscaping list (Bardon is a co-author): the 2005 ""extreme"" class was dropped, so former extreme species reappear here as high.","Rows whose class is unchanged from the 2005 list resolve to bardon-2005 (same nc-tree lineage, edition corroboration); rows where the class changed carry their own AG-874 evidence naming the delta. Not independent of bardon-2005 or of the NC Plant Toolbox rows that chain to it."
nevada-nac-555-010-r152-17,"Nevada NAC 555.010 Category A, B, and C Noxious Weeds",Nevada State Quarantine Officer,https://www.leg.state.nv.us/NAC/NAC-555.html#NAC555Sec010,Nevada,,regulatory-list,nevada-nac-555-010,,https://fireapproved.com/plants/source/nevada-nac-555-010-r152-17/,"NAC 555.010 lists 31 Category A, 12 Category B, and 11 Category C weeds. Category A carries statewide exclusion, eradication wherever found, and nursery-stock-dealer-premises eradication; Category B carries exclusion where possible and dealer-premises eradication; Category C carries dealer-premises eradication. NRS 555.150 separately places control duties on named landowners, occupants, land controllers, companies, counties, cities, and districts in the manner and whenever required by the State Quarantine Officer. The list does not itself state a general sale, import, transport, propagation, purchase, or bare-possession ban.","R152-17 last amended NAC 555.010 effective August 30, 2018. The current NAC chapter page was revised April 13, 2026 and separately carries the chapter-level marker ""NAC-555 Revised Date: 8-24""; August 2024 is not represented as the section amendment date. Current NRS Chapter 555 is through the 2025 statutes and was revised April 15, 2026. Notice, county abatement, cost objection/hearing, lien, and federal-law limits remain operational qualifications rather than new plant-list activities. Whole-plant law, seed regulation, ecological invasion, and fire performance remain separate dimensions."
new-york-6-nycrr-part-575-2015,New York 6 NYCRR Part 575 Prohibited and Regulated Invasive Species,New York State Department of Environmental Conservation,https://dec.ny.gov/nature/invasive-species/resources-regulations/regulations,New York,,regulatory-list,new-york-6-nycrr-part-575,,https://fireapproved.com/plants/source/new-york-6-nycrr-part-575-2015/,"Part 575 distinguishes 69 prohibited plants from six regulated plants. Prohibited plants have specified possession, trade, transport, introduction, propagation, and disposal restrictions. Regulated plants remain legal to possess, sell, buy, propagate, and transport, but introduction into a free-living state is restricted and sale or landscape supply requires the rule's warning and spread-prevention information.","The current NYSDEC page binds the 2014 printable list to the current program surface, names nine conditionally exempt cultivars under 575.8(a)(4), and identifies the six regulated plants that require labels. The official New York State Register adoption notice establishes filing 753 and the March 10, 2015 effective date and supplies the authority and effect summary. Cultivar exemptions are conditions, not species-wide clearances. The expired Japanese barberry grace period is retained only as history. Ecological invasion, legal status, and fire performance remain separate dimensions."
nfs-living-with-fire-nebraska,"Living With Fire — A Homeowner's Guide, Eastern Nebraska Edition",Nebraska Forest Service,http://web.archive.org/web/20240626052536/https://nfs.unl.edu/documents/fireprotection/Living%20with%20Fire%20Eastern%20NE%208x11%20low.pdf,Eastern Nebraska,2,compiled,unr-tree,Eastern Nebraska edition 2011,https://fireapproved.com/plants/source/nfs-living-with-fire-nebraska/,"The exact instruction ""Avoid juniper, mugo pine and arborvitae"" maps the taxon-resolvable Juniperus genus and Pinus mugo species to avoid.","The guide is adapted from the University of Nevada Living With Fire program. It has no plant table, but its Lean, Clean and Green Area tips contain a direct avoid sentence. Juniper and mugo pine support exact GBIF identities; arborvitae and the guide's other cedar/redcedar wording are held because the common names do not safely identify a single taxon. A currently indexed Western Nebraska companion timed out during retrieval, so no facts were reconstructed from its search result. Eastern-edition PDF SHA-256: 495902d0ae6adfc2f17ec8da69233f0535e5bf795afa29aed0c42af6b3248c90. The pinned archival PDF is 5,278,436 bytes."
nm-emnrd-firewise-plant-list,FireWise Plant List for New Mexico,"New Mexico Energy, Minerals and Natural Resources Department, Forestry Division",https://www.emnrd.nm.gov/sfd/wp-content/uploads/sites/4/Wui_plantlist.pdf,New Mexico,2,compiled,csu-nmsu-firewise,Forestry Division PDF 2003-10-08,https://fireapproved.com/plants/source/nm-emnrd-firewise-plant-list/,"One affirmative FireWise list with separate water, sun/shade, mature-height, elevation, and bloom fields. Elevation cells are source-coded Y = yes, N = not recommended, ? = unknown or doubtful, or blank = not stated. Listed = recommend, with every elevation code retained beside the plant evidence.","The Forestry Division's current protecting-your-home page still links the 74,648-byte official PDF as ""NM Fire Resistant Plants."" The PDF title is FireWise Plant List for New Mexico and its metadata creation date is October 8, 2003. It says the pamphlet borrowed heavily from Chuck Dennis's Colorado State Forest Service / Colorado State University publication, so this source stays in the existing csu-nmsu-firewise lineage and never creates an independent vote beside the related Arizona compilation. The source also says plant choice, spacing, and maintenance are critical; source-wide maintenance prose is not projected into plant-specific maintenance rows. The visually checked extraction contains 36 tree/large-shrub rows, 32 shrub rows, and 72 flower/ground-cover rows. PDF SHA-256: 60b99e225fbaf1318bd8212aebd65c0ad7848da3ab8cba16fc82663d26c56b25."
nord-green-1977-psw124,Low-volume and slow-burning vegetation for planting on clearings in California chaparral,"USDA Forest Service, Pacific Southwest Forest and Range Experiment Station",https://research.fs.usda.gov/download/treesearch/28938.pdf,California,1,field-trial,nord-green-1977-psw124,PSW-124 1977,https://fireapproved.com/plants/source/nord-green-1977-psw124/,"Table 2 recommends named grasses for California fuelbreak sites. Tables 3 and 4 classify shrub field performance as Good, Fair, or Poor for southern California brushland clearings; Table 5 separately lists 22 shrub taxa not considered suitable, with reasons that include establishment, adaptation, fuel volume, morphology, and flammability.",Performance and suitability are preserved as source placement evidence. Poor and unsuitable rows are recorded as not-rated rather than as avoid evidence because many failures concern establishment or site adaptation rather than intrinsic flammability. Capture SHA-256: bea653b39eb3e133339e7d18f5ceac68d28d760fb62a8be4bb4842e7154e9e39.
nrcs-tn66-fuel-breaks-2016,Fuel Breaks to Reduce Large Wildfire Impacts in Sagebrush Ecosystems (Plant Materials Technical Note 66),"USDA Natural Resources Conservation Service, Boise, Idaho",https://www.wlfw.org/wp-content/uploads/2016/03/tn66_fuel_breaks.pdf,Great Basin,1,expert-curated,greenstrip-tree,Plant Materials Technical Note 66 2016-03,https://fireapproved.com/plants/source/nrcs-tn66-fuel-breaks-2016/,Appendix B is a 12-row table headed “Common plant material options for greenstrips.” Listed = recommend only within the recorded greenstrip placement; the rows are not unconditional home-landscape recommendations. The crested-wheatgrass row names two alternative species and therefore resolves to two exact GBIF evidence owners.,"Tier 1 agency synthesis with an explicit operational selection framework. The note says greenstrip materials should be selected primarily for adaptation and persistence, and that establishment and maintenance can include site preparation, grazing deferment, grazing, mowing, or herbicide. All rows share the greenstrip-tree lineage with the earlier BLM, USFS, University of Nevada, and forage-kochia literature."
nswrfs-pbp-2019,Planning for Bush Fire Protection 2019 — Appendix A1.9 exotic vegetation,NSW Rural Fire Service,https://www.rfs.nsw.gov.au/__data/assets/pdf_file/0005/174272/Planning-for-Bush-Fire-Protection-2019.pdf,"New South Wales, Australia",2,regulatory,unknown,2019 2019-11-07,https://fireapproved.com/plants/source/nswrfs-pbp-2019/,"Appendix A1.9 names six species or genus owners as the four main exotic vegetation groups, says these plants can intensify bushfires under adverse weather, and assigns vegetation fuel-class conversions. These explicit negative assessments map to avoid. Generic Appendix 4 landscaping rules do not create taxon rows.","The current official host returned HTTP 403 on 2026-08-25. The official PDF was recovered from the 2025-02-10 Wayback capture. Its plant-callout lineage is not stated, so it remains unknown rather than being inferred from the broader Keith vegetation-class framework. PDF SHA-256: 57e72eafafd51d90b06406f400326c740b6533be1dcf43354bb6394af415c786."
nv-forestry-tahoe-landscaping-guide,Home Landscaping Guide for Lake Tahoe and Vicinity (Ed. Bulletin 06-01),Nevada Division of Forestry / University of Nevada Cooperative Extension,https://forestry.nv.gov/uploads/missions/20210304_AMT_2006_Home_Landscaping_Guide_Lake_Tahoe.pdf,"Lake Tahoe Basin, Nevada and California",2,compiled,unr-tree,Bulletin 06-01 2006,https://fireapproved.com/plants/source/nv-forestry-tahoe-landscaping-guide/,"Table 1 prints low, mod, high, or unknown in a Fire Hazard column. Low maps to recommend, mod to mixed, and high to avoid. Unknown rows are not evidence. The guide calls the ratings rough estimates of potential flammability, says they are not based on scientific trials, and says its low/high values were derived from a variety of sources.","Tier 2 compiled evidence in the unr-tree lineage. The official 173-page PDF is captured locally with a layout-preserving text extraction. Its 85 rated rows expand to 86 botanical entries and 83 exact evidence owners; two ambiguous backbone matches are held and 43 unknown rows create no evidence. The broader TRPA Recommended Plant List is not treated as a blanket fire recommendation. The live official 8,670,759-byte PDF exactly matched the pinned input on 2026-08-26; SHA-256: c856f7f1a965843696f97589b29dc3d3208579e318846deb0be03b4e6188a973."
ogm-yardop-circulars,Yanan Orman Alanlarının Rehabilitasyonu ve Yangına Dirençli Ormanlar Tesisi Projesi — 6976 Sayılı YARDOP Tamimi,Orman Genel Müdürlüğü,https://www.lexpera.com.tr/resmi-gazete/metin/yanan-orman-alanlarinin-rehabilitasyonu-ve-yangina-direncli-ormanlar-tesisi-projesi-20140915-2,Turkey,2,regulatory,ogm-yardop-6976,Circular 6976 2014-09-15,https://fireapproved.com/plants/source/ogm-yardop-circulars/,"The circular directs managers to preserve, encourage, or plant taxa it calls fire-resistant, slow-burning, or suitable for fire-prevention belts. These named operational selections map to recommend. Repeated taxa across the general principles, facility, and stream-vegetation clauses cast one row.",Seventeen unique exact GBIF owners are admitted. Turkish group names use genus rank; species rank is used only for unambiguous named plants. Akasya and katır tırnağı are held as taxonomically ambiguous common names. The parenthetical around existing natural species in red-pine areas is not converted because its exclusion semantics are unclear. HTML SHA-256: 4ddfb1d2b7f28058c843494fdecf9dbe87976755b0cf3820fe288ab9f80f8273.
ohio-oac-901-5-30-01-2023,Ohio OAC 901:5-30-01 Invasive Plant Species,Ohio Department of Agriculture,https://codes.ohio.gov/ohio-administrative-code/rule-901%3A5-30-01,Ohio,,regulatory-list,ohio-oac-901-5-30-01,,https://fireapproved.com/plants/source/ohio-oac-901-5-30-01-2023/,"The rule designates 63 invasive plants and prohibits specified sale, propagation, distribution, import, and dissemination activities. Disposal and control must avoid further spread; research or educational use requires a department compliance agreement. ORC 901.50 excludes cultivated plants grown as food or livestock feed under generally accepted agricultural practices, including USDA APHIS-authorized plants. Reed canary grass sold for animal feed also has a rule-specific active exception. The Callery pear and common privet transition dates are retained only as expired historical facts.","ORC 901.50's cultivated food/livestock-feed exclusion and the rule's narrower reed-canary-grass feed exception are modeled as separate material-scope boundaries; neither is a blanket clearance for landscape use. The rule also authorizes the director to exempt a cultivar when scientific evidence shows it is not invasive. No current official exemption roster was located, so FireApproved does not claim that no exemptions exist and does not project a species result onto cultivar pages. Fallopia japonica remains a synonym-only hold under the automatic publication rule. Ohio's separate noxious-weed road-control, seed, and purple-loosestrife permit authorities are not part of this source."
okstate-grow-firewise-plantings-2022,Firewise Plantings Can Help Protect Property,Oklahoma State University Extension,https://extension.okstate.edu/programs/gardening/grow-gardening-columns/grow-columns-2022/august-28-2022-firewise-planting,Oklahoma,1,expert-curated,okstate-grow-2022,2022-08-28 2022-08-28,https://fireapproved.com/plants/source/okstate-grow-firewise-plantings-2022/,"Binary prose guidance. Sedum and hellebore are named as good landscape choices because they remain green in winter; pine, juniper, and Yaupon holly are called highly flammable and should not be planted near a home or other structure.",Five unambiguous taxa are retained. The common names “ice plant” and “cedars” are excluded because the source does not identify a genus or species. The publisher page and PDF were browser-readable on 2026-08-25 but returned HTTP 403 to command-line capture; the exact taxon-bearing paragraphs are archived in the research capture.
onf-dfci-haies-2012,Sensibilité des haies face aux incendies de forêt sous climat méditerranéen,"Office national des forêts, Direction territoriale Méditerranée",https://www.biot.fr/media-file/1393/guide-dfci-haies.pdf,Mediterranean southeast France,1,lab-tested,onf-pyrosudoe-tree,Guide DFCI 2012,https://fireapproved.com/plants/source/onf-dfci-haies-2012/,"Each fiche publishes an overall fire-sensitivity class based on experimental-bench inflammability, intensity, and combustion measurements crossed with foresters' post-fire observations. Verdict map: faible and très faible = recommend; moyenne = mixed; forte and très forte = avoid.","The complete public French PDF was visually verified. Five exact-species and ten true Latin genus fiches are represented; genus ratings attach to genus-rank spp. records. Only the Bambusoideae subfamily and the multi-genus Virginia-creeper vernacular group are excluded. Valette supported the project, but this guide's combined bench and field-observation dataset is its own onf-pyrosudoe-tree lineage."
osfm-oregon-fire-resistant-plants,Oregon State Fire Marshal — Fire-Resistant Plants quiz,Oregon State Fire Marshal,https://www.oregon.gov/osfm/wildfire/pages/fire-resistant-plants.aspx,Oregon,2,mirror,pnw590-tree,live page captured 2026-08-25 2026-08-25,https://fireapproved.com/plants/source/osfm-oregon-fire-resistant-plants/,"Presence as one of six results under the page's “Which Fire-Resistant Plant Are You?” quiz. The agency page points readers to OSU's PNW 590 guide, so these rows are Tier 2 corroboration in the pnw590-tree, not independent votes.",The live page added six quiz-result plant labels after the registry's earlier zero-row assessment. Four labels are taxonomy-safe; Red Dogwood and Coneflower remain held because the page supplies no scientific name and each common label can denote more than one taxon. Quiz images were not downloaded.
osu-b921,Firewise Landscaping (OSU Extension Bulletin 921),"Ohio State University Extension (Sydnor, Steward, Kloss / Ohio DNR Division of Forestry)",http://web.archive.org/web/20070714035936/http://www.firewise.org/usa/files/ohio_plantlist.pdf,Ohio / Midwest,1,expert-curated,ufifas-srs-tree,2006 2006,https://fireapproved.com/plants/source/osu-b921/,"Five-point flammability rating (VL / L / M / H / VH; the perennials table also uses the ranges L-M and L-H) across eight tables of trees, shrubs, ground covers, vines, perennials, and grasses, plus a mulch table. Verdict map: VL and L = recommend, M = mixed, H and VH = avoid; range ratings = mixed. Ratings are the authors' expert experience, not a published key.","The only rated Midwest flammability list; recovered from the defunct firewise.org file area via the Wayback Machine (sole surviving copy). Co-author Larry Steward (OSU ATI) is also the rater behind the Fire Performance Plant Selector, so B921 and FPS are not fully independent. Siting guidance is per plant category, not per row; the mulch table is recorded in guides, not as plant records. The archived PDF is 1,053,160 bytes; SHA-256: a383aab09f3daff6d3600bd2366b27e4ae3a79d442272e691ee236070b6c372b."
osu-em-9103,Fire-resistant Landscape Plants for the Willamette Valley (EM 9103),Oregon State University Extension Service,https://www.canbyfire.org/files/074d2a9e3/Fire-Resistant-Plants_Willamette-Valley.pdf,Oregon (Willamette Valley),1,expert-curated,pnw590-tree,"EM 9103, February 2015 2015-02",https://fireapproved.com/plants/source/osu-em-9103/,"Binary recommendation by presence among the publication's 178 individual groundcover, perennial, shrub/woody-vine, and tree profiles. Verdict map: profiled as fire-resistant = recommend.","OSU's Willamette Valley companion to PNW 590. The introduction says the guide highlights fire-resistant plants that thrive under Willamette Valley growing conditions and points readers to PNW 590 for more information, so both sources remain one pnw590-tree lineage vote. The legacy OSU and registry PDF endpoints returned 403 on 2026-08-25; the captured complete OSU publication is hosted by Canby Fire District. Exact reconciliation represents 172 profiles on 172 GBIF owners and holds six non-exact printed taxa. Printed valid USDA zone ranges are retained and used only to fill previously empty zone fields."
osu-plant-profile-galleries,Fire-resistant plant profile galleries,Oregon State University Extension Service,https://extension.oregonstate.edu/gallery/fire-resistant-plant-profiles-shrubs,Pacific Northwest (Oregon / Washington / Idaho),1,expert-curated,pnw590-tree,November 2023 educational galleries 2023-11,https://fireapproved.com/plants/source/osu-plant-profile-galleries/,Binary recommendation by presence in one of five galleries whose headings direct readers to choose the profiled plants for a fire-resistant landscape. Verdict map: profiled = recommend.,"Web presentation of the 2023 PNW 590 list, with descriptive profiles and printed USDA zones. The gallery pages explicitly point to PNW 590 for complete details, so both sources remain one pnw590-tree lineage vote. Exact reconciliation represents 146 printed taxon alternatives from 155 profiles on 145 GBIF owners. Thirteen cultivar-specific, hybrid-group, or non-exact profiles are held; the shrub and tree galleries' two Serviceberry profiles remain separate evidence rows on the shared Amelanchier owner."
ozbreed-fire-retardant-plants,Fire Retardant Plants: Literature Review and Plant List,Ozbreed,https://www.ozbreed.com.au/download/fire_retardant_plants.pdf,Australia,2,compiled,csiro-tree,2014 PDF 2014-01-23,https://fireapproved.com/plants/source/ozbreed-fire-retardant-plants/,List 1 contains plants backed by scientific evidence or longstanding use as fire breaks; List 2 contains Ozbreed plants whose genus and species appear regularly on multiple fire-retardant lists; List 3 contains selections that appear on fewer lists or require extra management. Lists 1 and 2 map to recommend; the explicitly management-dependent List 3 maps to mixed.,"Twenty unique, taxonomically resolvable genus/species identities were admitted. Cultivars were collapsed only to the species explicitly printed beside them; cultivar-only Rhododendron and Gazania hybrids, an unspecified Westringia cultivar, and Dianella hybrid were held rather than widened to an inferred species. The five comparison rows in the CSIRO sample table are not recommendations and are already represented by primary-study measurements in FLAMITS. Capture SHA-256: f888f20b93f6f7fd3bfdf5c99521a465c7af904bdff350ec31145f97b116f569."
pnw-590,Fire-Resistant Plants for Home Landscapes (PNW 590),OSU + WSU + University of Idaho Extension (joint PNW series),https://extension.oregonstate.edu/catalog/pub/pnw-590-fire-resistant-plants-home-landscapes,OR/WA/ID,1,expert-curated,pnw590-tree,2006 2006-08; 2023 2023-10,https://fireapproved.com/plants/source/pnw-590/,Binary recommend (presence on list). Carries USDA zone ranges per plant.,Root of the largest US derivation tree. Joint publication of three land-grant universities; the most-mirrored fire plant document in the West.
radtke-1983-psw-gtr-067,Living More Safely in the Chaparral-Urban Interface,"USDA Forest Service, Pacific Southwest Forest and Range Experiment Station (Klaus W. H. Radtke)",https://research.fs.usda.gov/download/treesearch/28923.pdf,Southern California,2,compiled,la-arboretum-tree,General Technical Report PSW-67 1983-09; San Diego post-2003-fire revision 2004-10-15,https://fireapproved.com/plants/source/radtke-1983-psw-gtr-067/,"Table 5 assigns 20 low-growing landscape entries a fire-retardance class based on fuel volume, inherent plant flammability, and ease of fire spread. High and generally high map to recommend; medium, medium to high, and low to medium map to mixed; low maps to avoid. The collective ice-plants row explicitly names Carpobrotus, Delosperma, and Drosanthemum, so it produces three genus-level rows. The 2004 revision republishes a nine-entry subset without changing these classes.",The report says its table is a general guide for southern California rather than a substitute for site advice. Its ratings are kept in the existing la-arboretum-tree because Radtke cites that plant-selection lineage and acts as a popularizer rather than a new independent taxon trial. Modern taxon queries correct obvious historical spellings only where the report supplies an unambiguous scientific identity; verbatim table labels remain in verdictRaw. Official 1983 PDF SHA-256: cb42f7d86d65b4e02dfd093987503af672ce2b99aa1b1e7ef9b238b0f9fb8107. 2004 public-domain revision PDF SHA-256: 2927493d57d735de174b8d490bfbb57b9eb8d39c3fdaccb3fc4f29de64809778.
scfc-fire-smart-plant-list,Landscaping Can Be Attractive & FIREWISE (Fire Smart Plant List for SC),South Carolina Forestry Commission,https://www.scfc.gov/wp-content/uploads/2021/03/ignition-resistant-landscaping-plant-list.pdf,South Carolina,,compiled,unknown,original brochure 2005,https://fireapproved.com/plants/source/scfc-fire-smart-plant-list/,The source's HIGHLY Flammable Plants section maps to avoid. Its LESS Flammable Plants with some fire resistance section maps to recommend.,"The two-page brochure was created in January 2005 and later re-hosted by SCFC. It supplies common names only and cites no underlying list or method. Ingestion therefore remains at genus rank: 72 unique source labels have a conservative genus identity, collapsing to 63 exact accepted-GBIF evidence owners. Arborvitae, pine straw, and Cleyera are held because the labels do not support a single safe genus mapping; the repeated Spirea bullet is represented once. No species were inferred from common names. Tier remains unset and lineage unknown. The current official 218,806-byte download exactly matched the reviewed input on 2026-08-26. Official PDF SHA-256: e75db5c74551ea0977b0fb08cfd258b40328f29e7c4b4586cebdcb38bd3a5f57."
sdsu-protecting-home-landscape,Protecting Your Home and Landscape Against Wildfires,South Dakota State University Extension,https://extension.sdstate.edu/protecting-your-home-and-landscape-against-wildfires,Western South Dakota,2,compiled,unknown,current web page 2026-04-08,https://fireapproved.com/plants/source/sdsu-protecting-home-landscape/,"The sentence naming common flammable trees maps Juniperus, Pinus, Abies, and Picea genus rows to avoid. The adjacent text discourages conifers in the immediate and intermediate Home Ignition Zones.","The page supplies four safe genus identities and no separate low-flammability taxon list. Its references include South Dakota Wildland Fire, NFPA, USDA Black Hills National Forest, CSU, and USU, but the genus sentence has no cell-level provenance or method, so lineage remains unknown. Official HTML is 57,705 bytes and was retrieved 2026-08-25. Official HTML SHA-256: f9a7b9901ef1b6e4301e75adb59905e01ed641cbf5264f0e0be41fba510c9d63."
shan-2003-leaf-fire-ranking,Ordering and sorting of fire resistance of tree leaves,"Scientia Silvae Sinicae (Shan, Hu, Shu, Xu)",https://html.rhhz.net/linyekexue/html/20030118.htm,Northeast China,1,lab-tested,shan-nefu-tree,39(1):105-113 2003,https://fireapproved.com/plants/source/shan-2003-leaf-fire-ranking/,"The paper ranks 55 litter-leaf taxa after factor analysis of moisture, ignition point, ash, heat of combustion, and extractives. Only the authors' explicitly named ten best and ten worst taxa are verdict-bearing: best = recommend and worst = avoid. Uninterpreted middle rankings and clusters are not mapped.",Public full text and the original Table 8 image were verified. Nineteen of the twenty author-classified source taxa resolve exactly through GBIF into eighteen accepted records; the two larches share one accepted concept. Ledum palustre var. dilatatum is excluded because GBIF resolves the printed name only to genus. The other 35 measured taxa remain unmapped rather than receiving inferred verdicts.
souza-2024-promptus-thermal,Thermal analysis of low-flammability plants for green barriers against forest fires,"Promptus, Revista Técnico-Científica do CBMDF (Souza, Vale & Chaves)",https://revista.cbm.df.gov.br/index.php/revista/article/download/11/9,"Federal District, Brazil",1,lab-tested,unb-cbmdf-tree,2024 2024,https://fireapproved.com/plants/source/souza-2024-promptus-thermal/,"The authors explicitly retain three low-flammability classes and the Echinolaena high-flammability comparator after combustion, TGA, and DSC tests. Verdict map: author-classified low = recommend; author-classified high = avoid. Table 4's lower-is-better weighted composite is preserved as the score.",Complete full text is openly published by the Federal District fire brigade. Table 4 was visually verified because it is graphical in the PDF. All four exact taxa are represented. The authors and 2013-14 collection program overlap Souza and Vale 2019; the new combustion/TGA measurements enrich the same unb-cbmdf-tree vote rather than creating a second lineage.
souza-vale-2019-cerrado-df,Survey of low-flammability plants in burned Cerrado areas and analysis of physical properties,Ciência Florestal (Souza & Vale; Universidade de Brasília and CBMDF),https://periodicos.ufsm.br/cienciaflorestal/article/download/22416/pdf,"Federal District, Brazil",1,post-fire-survey,unb-cbmdf-tree,2019 2019-03-29,https://fireapproved.com/plants/source/souza-vale-2019-cerrado-df/,The authors explicitly classify three repeatedly preserved taxa as low flammability and Echinolaena inflexa as the high-flammability comparator. Verdict map: author-classified low = recommend; author-classified high = avoid. The published weighted physical-property score is retained but not remapped.,"Complete Portuguese full text and an English abstract are openly published by UFSM. Seven burned areas totaling about 40 ha were walked within four days of fire; multiple preserved individuals were documented beside consumed vegetation, followed by leaf physical-property analysis. All four exact taxa are represented. This University of Brasília/DF fire-brigade program is one unb-cbmdf-tree lineage."
sun-city-tx-firewise-plant-guide-2015,Firewise Plant Guide,Sun City Texas Firewise Group,http://web.archive.org/web/20250114065810/https://www.sariverauthority.org/wp-content/uploads/2023/09/FIREWISE-PLANT-LIST-Sun-City.pdf,"Georgetown, Texas",2,hoa-exhibit,unknown,updated guide 2015-01-14,https://fireapproved.com/plants/source/sun-city-tx-firewise-plant-guide-2015/,"The source defines flammability hazard as the ease that a plant can burn at high temperatures for a prolonged time and says ratings above Medium should not be planted within five feet of a building. Very low and low map to recommend, medium/med maps to mixed, and high/very high maps to avoid.","The 11-page guide contains 159 rows with a populated flammability-hazard cell. Fifteen cultivar-specific or otherwise inexact identities are held rather than generalized to a species. The remaining 145 taxon-resolvable occurrences collapse to 142 exact accepted-GBIF evidence owners. Rows carrying only the separate INVASIVE warning and no flammability cell are not fire evidence. The guide says its information came from USDA PLANTS, Firewise Communities USA, Native and Adapted Landscape Plants, and other sources, but it gives no cell-level provenance or rating method, so lineage remains unknown. Archived PDF SHA-256: c97257e859255787dfec41cac2f8bf19fc1ba2592aedb2af5a3359e7108d3e6d."
tadaki-kira-fire-classification,Tree fire-protection classification in Hito to Shinrin (人と森林),Kyoritsu Shuppan; table reproduced by Kagoshima Prefecture,https://www.pref.kagoshima.jp/ah12/kurashi-kankyo/sumai/kankyo/hoshin3/theme10/273.html,Japan,1,expert-curated,independent (root of Japanese municipal fire-protection tree lists),Hito to Shinrin: Shinrin no Kankyo Chosetsu Sayo 1982-11; Kagoshima Prefecture web reproduction 2025-01-30,https://fireapproved.com/plants/source/tadaki-kira-fire-classification/,"Table 10-2 classifies 83 printed tree or plant labels by fire-protection power: large (大), medium (中), small (小), or unsuitable for fire protection (防火には不適). Large is ingested as recommend, unsuitable as avoid, and the two intermediate categories remain mixed.",The Kagoshima page attributes the complete table to Tadaki and Kira's 1982 book. Exact Japanese vernacular names in the GBIF backbone support the species/variety mappings; explicit source groups such as camellias and maples are retained at genus rank. Labels without a unique exact bridge are held. Web capture SHA-256: 186fa9b5423f67bfe25f33bc82b19eed23eafee1f8625356831ec32a859d487a.
tamfs-firewise-landscaping-in-texas,Firewise Landscaping in Texas: The Right Plant for the Right Place,Texas A&M Forest Service,https://tfsweb.tamu.edu/wp-content/uploads/2024/05/EDITED202012firelandscape.pdf,Texas,1,expert-curated,tamfs-texas-firewise,2012 2012-10-08,https://fireapproved.com/plants/source/tamfs-firewise-landscaping-in-texas/,"Twelve common-name examples appear in three placement bands: acceptable in the first 10 feet, 10 to 30 feet, and 30 feet and beyond. Ten labels resolve honestly at genus rank; Primrose and Bluebells remain taxonomy-held.","The guide says its general framework is adapted from the UF/IFAS-USFS Fire in the Wildland-Urban Interface series, while the Texas plant choices are its own. The plant rows therefore use a Texas-specific lineage rather than adding a duplicate UF/IFAS vote. The live official 13,504,978-byte PDF exactly matched the pinned input on 2026-08-26; SHA-256: 3375a2fd9c38f3c487c9cc2c01d46b5ada22519c4f5fc8f5165d7297ae0edfc1."
tfs-fire-resisting,Fire Resisting Garden Plants for the Urban Fringe and Rural Areas,Tasmania Fire Service (Chladil & Sheridan; photographs Royal Tasmanian Botanical Gardens),https://www.fire.tas.gov.au/mysite/publications/1709%20Brochure.pdf,"Tasmania, Australia",1,expert-curated,utas-tree,2017 2017-08; 2006 2006,https://fireapproved.com/plants/source/tfs-fire-resisting/,"Three flammability groups — High (do not plant or keep inside the Building Protection Zone; avoid in the Fuel Modified Zone), Moderate (avoid in the Building Protection Zone), and Low (acceptable in the Building Protection Zone). Verdict map: low = recommend, moderate = mixed, high = avoid. Native codes: TN Tasmanian native, AN mainland Australian native, E exotic, X known environmental weed in Tasmania.","The Tasmania Fire Service brochure rooted in Tasmania's flammability research lineage (Dickinson & Kirkpatrick 1985; Sheridan 1996). The 2017 printing (v8) carries content unchanged since Revision 3, 2006. Its columns defeat text extraction, so the table was transcribed explicitly from the rendered pages: 57 high, 53 moderate, 17 low."
travis-county-agrilife-firewise,Firewise Landscaping (Travis County),"Texas A&M AgriLife Extension, Travis County",https://travis-tx.tamu.edu/about-2/horticulture/basic-landscape-design/firewise-landscaping/,"Austin, Texas",2,compiled,unknown,live page 2024-01-16,https://fireapproved.com/plants/source/travis-county-agrilife-firewise/,"Four explicitly named examples of fire resistance or resistant growth characteristics map to recommend. Plants the page says should be restricted to zones 2 or 3, and plants its all-zone warning calls highly flammable, map to avoid.","The page was published 2020-07-09 and modified 2024-01-16. Its 64 safely taxon-resolvable occurrences collapse to 56 exact accepted-GBIF owners; the page repeats Sabal minor and Salvia rosmarinus within its Zone 1 list, then repeats five species and the Ilex genus in its all-zone warning. The broader phrases ""any type of palm"", ""ornamental grasses"", and ""sedges"" were held rather than inferred to a taxon. Source spelling damage and obsolete combinations remain in parser claims and are corrected only in explicit GBIF queries. Jo Anne Hargraves is credited with compiling the Zone 1 list, but the page does not identify its taxon-level lineage or method; linked firewise publications appear under Additional Resources rather than as list citations. Official HTML SHA-256: c61d8083ba57e91b6cb8463066a44a6bc58f11e6c88e51e83dce6ba0bbb7c960. The live page remained 95,482 bytes on 2026-08-26 but its dynamic rendering changed the file hash, so no new immutable acquisition claim is made."
ua-az1289,"FIREWISE Plant Materials for 3,000 ft. and Higher Elevations (AZ1289)",University of Arizona Cooperative Extension,https://extension.arizona.edu/sites/extension.arizona.edu/files/pubs/az1289.pdf,"Arizona above 3,000 feet / interior Southwest",2,compiled,csu-nmsu-firewise,2002 2002-08; 2011 revision 2011-12,https://fireapproved.com/plants/source/ua-az1289/,"Binary FIREWISE tables covering 25 tree rows, 16 grass rows, and 31 shrub rows. Verdict map: listed = recommend.","Tier 2 compiled evidence. The publication says it is based on and borrowed heavily from Chuck Dennis's Colorado State Forest Service / Colorado State University FIREWISE Plant Materials and a New Mexico State University Extension publication. It does not identify a root per row, so rows stay with this compiled source and never create an independent Tier 1 vote. The official site still serves the same 572,329-byte 2011 revision as of 2026-08-26; no 2025 AZ1289 was found. SHA-256: 9771e4c376b2c47d2da806015feec8b58f691d757e3b8ff7365ce282569661b2."
uc-anr-firewise,Firewise: Fire Resistant Plants,UC Master Gardeners of Butte County,https://ucanr.edu/blog/real-dirt/article/firewise-fire-resistant-plants-0,Butte County and California's North State,1,expert-curated,uc-tree,,https://fireapproved.com/plants/source/uc-anr-firewise/,"Curated recommendations within the Right Plant, Right Place, Right Care framing.","UC ANR curation. The statewide Fire Network's broader position is list-skeptical (""placement is more important than plant type""); that page is context, not the source of these examples. A 2026-08-26 reconciliation removed five earlier over-specific species joins from generic prose labels; only Eucalyptus at genus rank and Salvia rosmarinus remain exact owners."
ufifas-circ-1445,Fire in the Wildland-Urban Interface: Selecting and Maintaining Firewise Plants for Landscaping,"UF/IFAS Extension (Doran, Fill, Crandall, Randall, Long)",https://ask.ifas.ufl.edu/publication/FR147,Southeast US,1,expert-curated,ufifas-srs-tree,2023 2023-10-31,https://fireapproved.com/plants/source/ufifas-circ-1445/,Trait and maintenance guidance rather than a ranked table. Three named southern landscape examples are explicitly described as usually highly flammable and to be avoided in defensible space in high-risk areas.,Circular 1445 was first published in 2004 and revised in 2015 and 2023. Its three inline verdicts share the UF/IFAS-Southern Research Station evidence lineage and therefore do not add independent votes to related rows.
ufifas-circ-1453-methodology,Fire in the Wildland-Urban Interface: Preparing a Firewise Plant List for WUI Residents,UF/IFAS Extension and USDA Forest Service Southern Research Station,https://web.archive.org/web/20180506072559id_/http://edis.ifas.ufl.edu/pdffiles/FR/FR15100.pdf,Southeast US,1,expert-curated,ufifas-srs-tree,reviewed April 2018 2018-04,https://fireapproved.com/plants/source/ufifas-circ-1453-methodology/,"Primarily a methodology circular, not a ranked plant table. Its moisture-content discussion nevertheless names four succulent genera and explicitly calls them firewise plants that can be placed on a firewise plant list when locally suitable.",The live FR151 page and legacy PDF endpoint returned HTTP 410 on 2026-08-25. The reviewed-April-2018 PDF was recovered from the Internet Archive. These four inline examples share the UF/IFAS-Southern Research Station lineage and therefore do not add an independent vote to related rows.
ufifas-for71-fire-in-mind,Landscaping in Florida with Fire in Mind,University of Florida IFAS Extension and Florida Division of Forestry,https://web.archive.org/web/20051230192215/http://edis.ifas.ufl.edu/pdffiles/FR/FR07600.pdf,Florida,1,expert-curated,ufifas-srs-tree,FOR 71 / EDIS FR076 2001-01,https://fireapproved.com/plants/source/ufifas-for71-fire-in-mind/,A Less-Flammable Plants box names 23 common-name labels for defensible-space landscaping. A separate instruction names five flammable plants to remove within 30 feet of a home.,"Earliest recovered Florida firewise plant list and predecessor of the UF/IFAS WUI circular series. Because the source prints common names only, labels are represented conservatively at exact GBIF genus rank; black cherry plus wild plum and yaupon holly plus gallberry share genus owners. Ferns and wild olive remain unidentified. Capture SHA-256: 849654b3ee3a2227aab83893ce2c497bb0bd7ac2af718cd67fa377873f49e084."
uga-firescaping-georgia,Firescaping: Wildfire-Resistant Landscaping in Georgia,University of Georgia Warnell School of Forestry and Natural Resources,https://bugwoodcloud.org/resource/files/18516.pdf,Georgia,2,compiled,ufifas-srs-tree,WSFNR-20-96A 2020-12,https://fireapproved.com/plants/source/uga-firescaping-georgia/,"The publication is guidance rather than a ranked plant list. Its Immediate Zone paragraph names five genus-level examples among the vegetation that can grow within 0–5 feet of a structure when carefully maintained and limited in quantity. Only Sedum and Senecio are explicitly described as low-flammability; Phlox, Iris, and Viola are admitted as maintained herbaceous examples.","The plant-flammability section explicitly cites UF/IFAS Circular 1445 and FOR272, so this source remains in the UF/IFAS–Southern Research Station lineage rather than counting as an independent vote. Capture SHA-256: 6c3f9c3a6579af413dc3cb2dc3ab47e4b5a974fff77d1da6db832184011b8bd5. The current official 2,231,493-byte download exactly matched the reviewed input on 2026-08-26."
uk-forfs,Save Your Home from Wildfire (ForFS 17-01),University of Kentucky Cooperative Extension / Kentucky Division of Forestry,https://forestry.mgcafe.uky.edu/files/forfs17-01_save_your_home_from_wildfire.pdf,Kentucky,2,compiled,uk-forfs,2017 2017,https://fireapproved.com/plants/source/uk-forfs/,"Prose guidance naming three highly flammable plants to remove near the home (eastern red cedar, any pine, holly) and ten trees and shrubs that work well in defensible space. Verdict map: named-flammable = avoid, works-well = recommend. Thirteen taxa, resolved from common names with the resolution recorded on each row.","Kentucky's only named-species wildfire guidance. Tier 2: the mentions are a prose sentence, not a rated table. The live official 1,458,364-byte PDF exactly matched the pinned input on 2026-08-26; SHA-256: 29825c5115cb56bcceb556280deea4123d2da56b6fbc1ca2eb653564248f29b2."
unr-compilation-good-plant-choices,A Compilation of Good Plant Choices for Nevada's High Fire Hazard Areas (SP-05-16),University of Nevada Cooperative Extension,https://extension.unr.edu/publication.aspx?PubID=4762,Nevada / Great Basin,2,compiled,unr-tree,SP-05-16 2005,https://fireapproved.com/plants/source/unr-compilation-good-plant-choices/,"Binary compilation of plants reported as fire resistant, firewise, or favorably rated by at least two of eight named western source lists. An asterisk means some publication reviewers considered the plant a poor choice; those rows map to mixed rather than recommend.","Tier 2 corroboration only. The source explicitly disclaims making its own flammability determination and exposes the contributing AZ, CA, CO, ID, MT, OR, and UT source columns per row. Those columns are preserved in row claims, but the compilation never creates a new Tier 1 lineage vote."
unr-fs-97-36-greenstrips,Greenstrips: Another Tool to Manage Wildfire (Fact Sheet 97-36),University of Nevada Cooperative Extension,https://naes.agnt.unr.edu/PMS/Pubs/2020-3342.pdf,Northern Nevada / Great Basin,1,expert-curated,greenstrip-tree,Fact Sheet 97-36 1997,https://fireapproved.com/plants/source/unr-fs-97-36-greenstrips/,Table 1 names 15 common perennial plants used in greenstrips and gives characteristics important to establishment and use. Listed = recommend only within the recorded northern Nevada greenstrip placement. Fourteen rows fit the current taxon-rank schema; Poa canbyi is held out because its exact GBIF match resolves to a subspecies rank the schema cannot represent.,"Tier 1 extension curation with stated selection requirements: adaptation, establishment amid annual weeds, separated growth, low mature height, low fuel production, long green period, post-burn survival, and grazing tolerance. The note says greenstrips should be grazed or mown frequently enough to reduce fuel buildup. Same greenstrip-tree lineage as BLM, NRCS, and the cited 1986 University of Nevada fact sheet."
us-riis-v2,"United States Register of Introduced and Invasive Species, version 2.0",United States Geological Survey,https://www.usgs.gov/data/us-register-introduced-and-invasive-species-us-riis-all-versions,"Alaska, Hawaii, and the conterminous United States",,status-registry,usgs-us-riis,"Alaska register, version 2.0 2022; Hawaii register, version 2.0 2022; Conterminous United States register, version 2.0 2022",https://fireapproved.com/plants/source/us-riis-v2/,"Degree C3 is introduced and established, D2 is invasive, and E is widespread invasive. FireApproved preserves those as three statuses rather than turning every source row into the same warning.","USGS publishes the source under CC0 1.0. FireApproved's derived structured rows are CC BY 4.0. The three committed source archives, exact official URLs, versions, byte counts, SHA-256 hashes, and license separation are pinned in docs/research/us-riis-v2-source.yaml. The deterministic ingest preserves occurrenceID, modified date, source name and rank, degree code, and associated references. No production build fetches the archives."
usda-ams-state-noxious-weed-seed-2026,USDA AMS 2026 State Noxious-Weed Seed Requirements,"USDA Agricultural Marketing Service, Seed Regulatory and Testing Division",https://www.ams.usda.gov/sites/default/files/media/StateNoxiousWeedsSeedList.pdf,All 50 U.S. states; District of Columbia retained in the terminal source artifact,,regulatory-list,usda-ams-state-noxious-weed-seed,,https://fireapproved.com/plants/source/usda-ams-state-noxious-weed-seed-2026/,"Revised July 2026 state labeling requirements and prohibitions for noxious-weed seed. This source answers a seed-material question only. It does not establish whole-plant possession, planting, nursery-sale, transport, ecological-invasive, product, or fire status.","The workbook and 173-page PDF are pinned in the research source pack. Appendix A and B are archived but never used to bridge a taxon name because USDA warns that their variants may not exactly match state law. The normalized artifact preserves sheet rows, categories, printed names, limitations, notes, hashes, URLs, and terminal review dispositions."
usda-aphis-federal-noxious-7-cfr-360-200,"Federal noxious weed designations, 7 CFR 360.200",USDA Animal and Plant Health Inspection Service and the Office of the Federal Register,https://www.ecfr.gov/current/title-7/subtitle-B/chapter-III/part-360/section-360.200,United States,,regulatory-list,federal-register-ecfr,"eCFR Title 7, Part 360, up to date 2026-08-24 2026-08-24; APHIS Federal Noxious Weed List 2025-07-30",https://fireapproved.com/plants/source/usda-aphis-federal-noxious-7-cfr-360-200/,"Federal noxious weed is a legal designation, not an ecological degree or a FireApproved fire-performance classification. Section 360.200 states that a named taxon includes its subordinate taxa and supplies explicit exceptions.","The exact current eCFR XML and supplemental APHIS PDF are committed for reproducibility. Snapshot hashes, dates, terms, and the no-automatic- subordinate-projection policy are recorded in docs/research/federal-noxious-weed-source.yaml."
usda-plants-characteristics,USDA PLANTS Database — Plant Characteristics,USDA Natural Resources Conservation Service,https://plants.usda.gov/assets/docs/PLANTS_Help_Document_2022.pdf,United States,1,hardiness-reference,usda-plants-characteristics,PLANTS Help Document 2022 2022,https://fireapproved.com/plants/source/usda-plants-characteristics/,"The Temperature, Minimum (°F) characteristic is an exact temperature, not a plant-zone range. FireApproved retains the measurement and maps it only to the containing 2023 PHZM half-zone for comparison.","USDA defines the value as the lowest temperature recorded in the plant's historical range, or a record low January temperature within the current range when the former is unavailable. USDA states that the definition does not apply to summer annuals. Rows with an annual duration or missing duration therefore remain applicability-uncertain. Exact values outside the published PHZM scale are retained without clamping."
usfs-feis,Fire Effects Information System (FEIS),"USDA Forest Service, Missoula Fire Sciences Laboratory",https://research.fs.usda.gov/feis/species-reviews,national (US),2,compiled,unknown,,https://fireapproved.com/plants/source/usfs-feis/,Narrative species reviews; no single rating scale.,"Federal fire-ecology syntheses that cite the primary literature they summarize. Registered as a corroborator and context source for genus/species prose: it synthesizes other people's measurements and observations, so it counts as citation context, NEVER as an independent Tier 1 line of evidence, and it never votes in a derivation. FireApproved publishes concise authored paraphrases and exact section links; no FEIS imagery is republished."
usu-firewise-plants-utah,Firewise Plants for Utah Landscapes (NR/FF/002),Utah State University Extension,https://extension.usu.edu/smallfarms/files/FirewisePlantsUtLandscapes.pdf,Utah / Intermountain West,1,expert-curated,usu-kuhns,1998 1998-06; 2005 2005-02,https://fireapproved.com/plants/source/usu-firewise-plants-utah/,Binary list of 83 plants or plant groups that the source says can be firewise when properly placed and maintained. Verdict map: listed = recommend. Asterisks identify plants that may become weedy; they do not change the source's firewise verdict.,"Tier 1 expert curation by Michael Kuhns. Utah FFSL's 2007 Firewise Landscaping for Utah book was authored by Kuhns and Barbara Daniels and expands this fact sheet, so both publications belong to the single usu-kuhns lineage and never count as independent votes. The live official 183,034-byte PDF exactly matched the pinned input on 2026-08-26; SHA-256: 10ce740ce69b496a6b6742b66cd4fa97eadc82047881f69207e75531d9de84d8."
ut-sp685,Landscaping Guidelines to Protect Your Home from Wildfire (SP685),University of Tennessee Extension,https://utia.tennessee.edu/publications/wp-content/uploads/sites/269/2023/10/SP685.pdf,Tennessee,2,compiled,independent (va-task-force via carrier),2006 2006,https://fireapproved.com/plants/source/ut-sp685/,Binary Firewise plant tables (78 taxa). Verdict map: listed = recommend.,"A carrier, not an independent rater: SP685's plant tables are verbatim copies of Virginia Firescapes 430-300 rows (confirmed by row-text comparison; 430-300 is cited in its references), so rows landing on records with va-firescapes evidence resolve to that root. A handful of Tennessee-specific additions (Chinese fringetree, cornelian cherry, rabbiteye blueberry, Thunberg spirea) stay as SP685's own Tier 2 rows. The current official PDF is 846,154 bytes; SHA-256: c29cd2953f5e770d50367d5d523458f722c0a2814b532cb781fe42edc0adfebd."
utah-ffsl-firewise-landscaping,Firewise Landscaping for Utah (2007),"Utah Division of Forestry, Fire and State Lands / Utah State University Extension Forestry",https://web.archive.org/web/20230319012342/https://ffsl.utah.gov/wp-content/uploads/FirewiseLandscaping07.pdf,Utah,2,compiled,usu-kuhns,August 2007 2007-08,https://fireapproved.com/plants/source/utah-ffsl-firewise-landscaping/,The book expands Michael Kuhns's 1998/2005 USU Firewise Plants for Utah Landscapes fact sheet and is the same evidence lineage. Its recommend tables are not duplicated. The separately printed PLANTS TO AVOID passage supplies four tree-genus pyrophyte rows and one cheatgrass row.,The live FFSL file is gone; the recovered 40-page PDF and layout-preserving text are archived locally. Five avoid rows are ingested from page 15. The recommend tables remain represented by the 2005 USU root and never count as a second independent vote. No images were fetched.
utah-r68-9-noxious-weeds,State of Utah Noxious Weed List (R68-9),Utah Department of Agriculture and Food,https://ag.utah.gov/plant-industry/noxious-weed/state-of-utah-noxious-weed-list/,Utah,,regulatory-list,utah-r68-9,,https://fireapproved.com/plants/source/utah-r68-9-noxious-weeds/,"Classes 1A and 1B are early-detection priorities, Class 2 is control, Class 3 is containment, and Class 4 is prohibited for sale or propagation. The page gives Cynodon dactylon a Washington County exception, which is retained on its assertion rather than erased by a statewide label.",The official page did not state a reusable upstream license. FireApproved retains the source wording and attribution while publishing its own derived structured data under CC BY 4.0. The exact HTML snapshot is committed at docs/research/sources/plant-invasive-regulation/utah-noxious-weeds.html.
uts-2023-street-trees,Shoot flammability patterns in native and exotic street tree species at the WUI of eastern Australia,"Fire (Huber-Smith, Morley, Krix, Murray et al.; University of Technology Sydney)",https://opus.lib.uts.edu.au/rest/bitstreams/7110bce9-8388-4126-9775-748b4d1cd95c/retrieve,"Central Coast, New South Wales, Australia",1,lab-tested,uts-murray-tree,2023 2023-11-17,https://fireapproved.com/plants/source/uts-2023-street-trees/,"The paper finds that rankings across time-to-flame, flame duration, number of flaming events, and flame temperature are not concordant. Verdict map: the sole taxon the authors identify across attributes as a potential low-flammability street-tree candidate = recommend; every other measured taxon = mixed. No per-attribute extreme is promoted to an overall verdict.","Public full text is available from the UTS repository and the OA publisher. All ten species are represented. Krix and Murray recur across the UTS program, so this is one uts-murray-tree vote. The burner design follows the Jaureguiberry/Wyse method, but there is no author or dataset overlap with the Lincoln papers; method adoption alone does not merge those lineages."
uw-barnyards-firewise-2005,Firewise Landscaping,"University of Wyoming Extension, Barnyards & Backyards (Jody Walker, USDA NRCS)",https://www.uwyo.edu/barnbackyard/_files/documents/magazine/2005/spring/firewise-spring-barnyards-2005.pdf,Wyoming,2,compiled,firewise-traits,"Barnyards & Backyards, Spring 2005 2005",https://fireapproved.com/plants/source/uw-barnyards-firewise-2005/,The article explicitly separates examples of fire-prone plants from examples of fire-resistant plants and plants for a Firewise landscape. Fire-prone maps to avoid; fire-resistant and Firewise examples map to recommend.,"Ten examples have unambiguous species or genus identities. “Most conifers,” cottonwood, aspens, mahogany, mountain maple, succulents, herbaceous species, wildflowers, and groundcovers were held because the printed common or group name does not define one exact taxon. Repeated examples were represented once. The live official 195,199-byte PDF exactly matched the pinned input on 2026-08-26. PDF SHA-256: 77cd64f5ff73ce54877f0892b7d14a6498008fcf36d5b524321b358f3d31ba77."
va-firescapes,Virginia Firescapes — Firewise Landscaping for Woodland Homes (430-300),"Virginia Cooperative Extension / Virginia Tech (Appleton, Frenzel, Hillegass, Lyons, Steward — Virginia Firewise Landscaping Task Force)",http://web.archive.org/web/20090709143736/http://pubs.ext.vt.edu/430/430-300/430-300.pdf,Virginia / Mid-Atlantic,1,expert-curated,ufifas-srs-tree,2009 2009,https://fireapproved.com/plants/source/va-firescapes/,"Three-point flammability rating (H / M / L, ""more or less forest fire-prone"") across six tables of deciduous and evergreen trees and shrubs, groundcovers, and vines. Verdict map: L = recommend, M = mixed, H = avoid. Every evergreen tree and shrub in the list is rated H.","Produced by the Virginia Firewise Landscaping Task Force (Virginia Tech, Virginia Department of Forestry, soil and water district, and Larry Steward). Steward also rated the Fire Performance Plant Selector and co-authored OSU B921, so the three lists share a rater and are not fully independent of one another. Nativity column marks Virginia natives; a blank cell means not marked native, not a verdict. Clematis virginiana's rating cell is blank in the printed source (verified against the page image) and is recorded as not-rated. The Ilex x 'Nellie R. Stevens' cultivar row is taxonomy-held because GBIF has no exact cultivar match; it is not broadened to the genus or a parent hybrid. Reviewed PDF: 441,864 bytes; SHA-256: eb65d1215fc6039a854315958a9bf3304e69a478b7e027134aaa9e50af63c295."
valette-1990,Inflammabilités des espèces forestières méditerranéennes (Valette 1990),"INRA Station de Sylviculture méditerranéenne, Avignon (Revue Forestière Française XLII)",https://hal.inrae.fr/hal-03426210,Mediterranean France / Provence,1,lab-tested,inra-tree,1990 1990,https://fireapproved.com/plants/source/valette-1990/,"Epiradiator inflammability testing (ignition frequency x mean ignition delay) producing monthly inflammability notes 0-5 for 32 Mediterranean species across May-April — 0 peu inflammable through 5 extrêmement inflammable. Verdict map (recorded judgment): the July-September fire-season maximum note drives the verdict — 0-2 recommend, 3 mixed, 4-5 avoid — with the full monthly row preserved as a claim and the original French class term quoted.","The French laboratory root: INRA Avignon's standard inflammability protocol, the evidence base behind Provence garden guidance and the reference method across the western Mediterranean. First non-English source in the corpus under the all-English extraction policy. Notable rows: rosemary peaks at 3 (inflammable), holm oak and chestnut at 5, the eucalypts at 5 year-round, cypress at 2-3."
valparaiso-2021-leaf-thermal-chemical,Leaf thermal and chemical properties as natural drivers of plant flammability,IJERPH (Guerrero et al.; UTFSM),https://mdpi-res.com/d_attachment/ijerph/ijerph-18-07191/article_deploy/ijerph-18-07191-v2.pdf,"Peñuelas Lake National Reserve, Valparaíso, Chile",1,lab-tested,guerrero-utfsm-tree,2021 2021-07-05,https://fireapproved.com/plants/source/valparaiso-2021-leaf-thermal-chemical/,Table 2 applies Valette's 0-5 live-leaf flammability index. Verdict map: 0-1 = recommend; 2-3 = mixed; 4-5 = avoid. Ignition frequency and mean ignition time are retained per species.,"Complete CC-BY full text and Table 2 are public. All five exact taxa are represented. Guerrero/UTFSM, the Peñuelas study site, and the species panel overlap the 2020 thermochemistry paper, so both remain one guerrero-utfsm-tree vote despite the new epiradiator measurements."
virginia-2vac5-317-noxious-weeds-2024,"Virginia 2VAC5-317 Tier 1, Tier 2, and Tier 3 Noxious Weeds",Virginia Board of Agriculture and Consumer Services,https://law.lis.virginia.gov/admincode/title2/agency5/chapter317/section20/,Virginia,,regulatory-list,virginia-2vac5-317-noxious-weeds,,https://fireapproved.com/plants/source/virginia-2vac5-317-noxious-weeds-2024/,"The current regulation names three Tier 1, seven Tier 2, and sixteen Tier 3 noxious weeds. The tiers describe presence and feasibility of eradication or suppression; they do not create three uniform sales classes. Section 30 prohibits movement of a regulated article unless it is accompanied by a valid certificate or permit. Section 10 defines a regulated article as a listed weed or an article carrying or capable of carrying one. It separately defines a certificate as commissioner-issued or authorized documentation of noncontamination and a permit as movement to restricted destinations for limited handling, utilization, processing, or scientific purposes.","The official Virginia Register final record, VA.R. Doc. No. R21-6889, filed May 15, 2024 and effective July 4, 2024, adds one Tier 2 and eleven Tier 3 species and prints the same 26-row list as the current code page. The current Section 10 definitions and Section 30 movement rule supply the legal effect, including the distinct certificate and permit meanings under the rule's either-or operating path. The amendment date identifies the current list edition; it is not assigned as the original designation date of every older row. Legal status, ecological invasion, seed regulation, and fire performance remain separate dimensions."
wa-dnr-eastern-wa,Fire-Resistant Plants for Eastern Washington,Washington State Department of Natural Resources,https://dnr.wa.gov/publications/rp_fire_resistant_plants_guide_easternwa.pdf,eastern WA,2,compiled,unknown,,https://fireapproved.com/plants/source/wa-dnr-eastern-wa/,Binary recommend.,"Master Gardener compilation. Its own acknowledgments state it ""lists only fire-resistant plants that are in other Firewise documents"" and that no empirical research was performed. Lineage unknown but likely overlaps the PNW 590 tree; WA DNR separately hosts PNW 590 (2006) verbatim. Counts as corroboration, never as an independent Tier 1 line of evidence."
washington-wac-16-750-2026,Washington State Noxious Weed List (WAC 16-750),Washington State Noxious Weed Control Board and Washington State Legislature,https://app.leg.wa.gov/WAC/default.aspx?cite=16-750,Washington,,regulatory-list,washington-wac-16-750,,https://fireapproved.com/plants/source/washington-wac-16-750-2026/,"Class A weeds require eradication. Class B control requirements depend on the WAC region, and counties may require control of Class C weeds. The class and this distinction remain attached to every published assertion.","Exact official HTML snapshots for Classes A, B, and C and the official 2026 scientific-name PDF are committed under the L2 research source directory. The official source does not state a reusable upstream license; FireApproved's derived structured output remains CC BY 4.0."
wcvp-v16,"World Checklist of Vascular Plants, version 16","Royal Botanic Gardens, Kew",https://sftp.kew.org/pub/data-repositories/WCVP/wcvp.zip,global,,range-database,kew-wcvp,,https://fireapproved.com/plants/source/wcvp-v16/,Accepted taxonomy and native or introduced distribution at WGSRPD level 3. Distribution and nativity are separate from FireApproved fire evidence and this source never votes in a fire classification.,"Source archive extracted 2026-06-04 and retrieved 2026-08-26. Its bundled README states CC BY 3.0 and prints DOI 10.34885/egs6-cp24; that DOI returned 404 during retrieval and is retained verbatim rather than silently changed. Kew's registered GBIF WCVP dataset DOI, 10.15468/6h8ucr, resolves; it is recorded separately and does not relicense the native archive used here. The native Kew endpoint is mutable. Its hash detects drift, but because the exact archive is not stored here it is not described as a frozen snapshot. FireApproved publishes derived structured rows under CC BY 4.0 with this attribution. Archive SHA-256 d32ea2b3a85e489b14e83bcc9eae7274532e1d113753f7be290d4b2dfde573fa."
wdnr-uwex,Firewise Landscaping — A Guide to Protecting Your Home from Wildfire,Wisconsin DNR / UW-Extension (Minnesota DNR-distributed edition),https://files.dnr.state.mn.us/assistance/backyard/firewise/firewiseLandscaping.pdf,Wisconsin / western Great Lakes,1,expert-curated,wdnr-uwex,2008 2008,https://fireapproved.com/plants/source/wdnr-uwex/,"Binary-recommend guide: named ""Firewise Plant"" profiles plus a table of suggested firewise plants also suitable for shoreland buffers. Verdict map: listed = recommend. The archived extract yields 22 verifiable taxa (7 sidebar profiles + 15 wet-habitat table species).","Minnesota DNR defers to this Wisconsin guide, so its rows also serve the Minnesota audience. Small corroborator; several profile species already carry stronger evidence in the corpus. Minnesota's hosting is not projected as exact Minnesota publication scope or counted as a second vote."
white-etal-2002-cone-update,Cone calorimeter testing of vegetation — an update,"USDA Forest Service (White, Weise, Mackes & Dibble)",https://research.fs.usda.gov/download/treesearch/8596.pdf,"Colorado, California, and northeastern United States",1,lab-tested,usfs-fpl-cone-tree,2002 2002,https://fireapproved.com/plants/source/white-etal-2002-cone-update/,The conclusion explicitly names high- and low-relative-flammability taxa. Verdict map: author-named high = avoid; author-named low = recommend; other exactly identified and measured Colorado taxa = mixed. Table 4 green-sample PHRR is preserved as score and dry-sample EHOC is preserved in each claim.,Complete public full text is hosted by USDA Forest Service. Fourteen exact Colorado taxa were ingested; Artemisia sp. was excluded because it is only identified to genus. The California and Northeast datasets are excluded from this extraction because later papers in the same USFS-FPL cone-calorimeter program report them. White/Dibble/Weise author and method overlap means all such rows remain one usfs-fpl-cone-tree vote.
wildlife-qld-fire-resistant-natives,Protect your home and wildlife — top fire-resistant native plants for Queensland backyards,Wildlife Preservation Society of Queensland,https://wildlife.org.au/top-fire-resistant-native-plants/,"Queensland, Australia",2,compiled,unknown,20 November 2024 web article 2024-11-20,https://fireapproved.com/plants/source/wildlife-qld-fire-resistant-natives/,The article explicitly presents three named native species as fire-resistant choices for Queensland backyards and separately describes buffel grass as highly combustible and able to carry fire rapidly. The three positive statements map to recommend and the buffel-grass warning maps to avoid.,"Four exact GBIF species owners were admitted: three existing records were enriched and one was created. The page links Paten Park Native Nursery only under ""Further information and to buy plants"" and does not attribute its claims, so the evidence lineage remains unknown rather than inferred. Live HTML SHA-256 fb6899d40e0d648f713d5dd77b7fb2b46f1b4a0ce43d38806965ff7ec92c8fd3; WordPress API JSON SHA-256 2fac7c6013b15351c905630f5287d1879ddbaba3e9ca2f94f725eaf30ec2220a."
wyse-2016-nz-60-species,A quantitative assessment of shoot flammability for 60 tree and shrub species,"International Journal of Wildland Fire (Wyse, Perry, O'Connell, Holland, Wright, Hosted, Whitelock, Geary, Maurin, Curran)",https://researcharchive.lincoln.ac.nz/bitstreams/f71e918c-7752-443a-a5ed-8307c07ae635/download,New Zealand,1,lab-tested,lincoln-nz-tree,2016 2016-02-25,https://fireapproved.com/plants/source/wyse-2016-nz-60-species/,"Figure 2 assigns all 60 tested species to k-means clusters on the first principal-component axis: low, low/moderate, moderate, moderate/high, high, or very high. Verdict map: low and low/moderate = recommend; moderate and moderate/high = mixed; high and very high = avoid. The map is applied once for this source and does not infer thresholds from plotted positions.","Direct shoot-flammability evidence from the Lincoln University program. Freshly collected shoots were air-dried for 24 hours before testing. This is the same lincoln-nz-tree as later Cui/Curran papers and the FENZ directory, so it is one lineage vote. The full article is publicly available from the Lincoln University Research Archive; DOI 10.1071/WF15047."
yavapai-34,Fire-Resistant and Fire-Prone Plants Common to Yavapai County (Bulletin 34),"University of Arizona Cooperative Extension, Yavapai County",https://www.extension.arizona.edu/sites/default/files/2025-03/FirewisePlants3-14-2025.pdf,"Yavapai County, Arizona",,expert-curated,unknown,v1.2 2025-03-14,https://fireapproved.com/plants/source/yavapai-34/,"The bulletin has two named lists. Its 150 usable Fire-Resistant Plants entries map to recommend, and its 50 usable Fire-Prone Plants entries map to avoid. The bulletin says resistant plants are not fireproof and require irrigation and maintenance; fire-prone plants may ignite readily and burn intensely.","Ingested every usable scientific entry in the two tables. Entries printed at genus rank remain genus records, including four labels that an earlier parser draft had silently widened to species. ""Arborvitae — Thuja, Platycladus"" is represented by its two explicitly printed genera. The invalid scientific cell ""Pinion"" and ten informal, family-level, or taxon-free entries were held rather than inferred from their common names. Obvious extraction damage and botanical spelling errors were repaired only when the printed identity was unambiguous; accepted-name reconciliation required exact GBIF matches. The bulletin states no methods or citations, so its tier is left unset and lineage remains unknown. The live official 565,414-byte PDF exactly matched the pinned input on 2026-08-26. Official PDF SHA-256: 38b1bce8d164c27b5fb23d3bad51a23d92dc69dc0f24a69e899d72a2536b382a."
